Workbook

Sheet Projections
A1: Today | B1: =TODAY() -> 46044 | V1: 3.03 | X1: ='2026'!BJ1 -> 117 | Y1: ='2026'!BK1 -> -155 | Z1: ='2026'!BL1 -> -126 | AA1: ='2026'!BM1 -> 102
A2: Tomorrow | B2: =TODAY()+1 -> 46045 | H2: Starter | I2: Starter | J2: Backup | K2: Backup | L2: Starter | M2: Starter | N2: Backup | O2: Backup | V2: 3.26 | X2: ='2026'!BJ2 -> -117 | Y2: ='2026'!BK2 -> 155 | Z2: ='2026'!BL2 -> 126 | AA2: ='2026'!BM2 -> -102
A4: Date | B4: Code | C4: Game ID | D4: GF | E4: Adjustment | F4: Team | G4: Team # | H4: Starter | I4: Backup | J4: Starter | K4: Backup | L4: Starter | M4: Backup | N4: Starter | O4: Backup | P4: Confidence Level | Q4: Starter | R4: Backup | S4: Starter % | T4: Wghtd | W4: Team | X4: ML | Y4: 5.5 | Z4: 6 | AA4: 6.5
A5: =IF(D5=0,"0",(_xlfn.XLOOKUP(B5,'2026'!A:A,'2026'!C:C))) -> 46044 | B5: {=_xlfn._xlws.FILTER('2026'!A:B,('2026'!C:C=Projections!B1)+('2026'!C:C=Projections!B2))} -> 2025020795 BUF | C5: 2025020795 | D5: =_xlfn.XLOOKUP(B5,'2026'!A:A,'2026'!AT:AT) -> 2.9477539 | E5: =_xlfn.XLOOKUP(B5,'2026'!A:A,'2026'!Z:Z) -> 0.99 | F5: =_xlfn.XLOOKUP(B5,'2026'!A:A,'2026'!E:E) -> BUF | G5: =D5/E6 -> 2.9477539 | H5: =SUMIFS(Goalies!$J:$J,Goalies!$C:$C,Projections!$F5,Goalies!$A:$A,Projections!H$2) -> 1.015 | I5: =SUMIFS(Goalies!$J:$J,Goalies!$C:$C,Projections!$F5,Goalies!$A:$A,Projections!I$2) -> 1.015 | J5: =SUMIFS(Goalies!$J:$J,Goalies!$C:$C,Projections!$F5,Goalies!$A:$A,Projections!J$2) -> 0.99 | K5: =SUMIFS(Goalies!$J:$J,Goalies!$C:$C,Projections!$F5,Goalies!$A:$A,Projections!K$2) -> 0.99 | L5: =IFERROR($G5*H6,0) -> 2.9477539 | M5: =IFERROR($G5*I6,0) -> 5.9102465 | N5: =IFERROR($G5*J6,0) -> 2.9477539 | O5: =IFERROR($G5*K6,0) -> 5.9102465 | P5: =_xlfn.XLOOKUP(B5,'2026'!A:A,'2026'!AS:AS) -> Neutral | Q5: {=_xlfn.XLOOKUP(1, (Goalies!C:C=Projections!W5)*(Goalies!A:A=Projections!$Q$4), Goalies!D:D)} -> Ukko-Pekka Luukkonen | R5: {=_xlfn.XLOOKUP(1, (Goalies!C:C=Projections!W5)*(Goalies!A:A=Projections!$R$4), Goalies!D:D)} -> Alex Lyon | S5: 1 | T5: =IFERROR(L5*S6+(1-S6)*M5,0) -> 5.9102465 | W5: =F5 -> BUF | X5: ='2026'!BJ3 -> #N/A | Y5: ='2026'!BK3 -> #N/A | Z5: ='2026'!BL3 -> #N/A | AA5: ='2026'!BM3 -> #N/A
A6: =IF(D6=0,"0",(_xlfn.XLOOKUP(B6,'2026'!A:A,'2026'!C:C))) -> 46044 | B6: 2025020795 MTL | C6: 2025020795 | D6: =_xlfn.XLOOKUP(B6,'2026'!A:A,'2026'!AT:AT) -> 3.2268201 | E6: =_xlfn.XLOOKUP(B6,'2026'!A:A,'2026'!Z:Z) -> 1 | F6: =_xlfn.XLOOKUP(B6,'2026'!A:A,'2026'!E:E) -> MTL | G6: =D6/E5 -> 3.2594142 | H6: =SUMIFS(Goalies!$J:$J,Goalies!$C:$C,Projections!$F6,Goalies!$A:$A,Projections!H$4) -> 1 | I6: =SUMIFS(Goalies!$J:$J,Goalies!$C:$C,Projections!$F6,Goalies!$A:$A,Projections!I$4) -> 2.005 | J6: =SUMIFS(Goalies!$J:$J,Goalies!$C:$C,Projections!$F6,Goalies!$A:$A,Projections!J$4) -> 1 | K6: =SUMIFS(Goalies!$J:$J,Goalies!$C:$C,Projections!$F6,Goalies!$A:$A,Projections!K$4) -> 2.005 | L6: =IFERROR($G6*H5,0) -> 3.3083054 | M6: =IFERROR($G6*I5,0) -> 3.3083054 | N6: =IFERROR($G6*J5,0) -> 3.2268201 | O6: =IFERROR($G6*K5,0) -> 3.2268201 | P6: =_xlfn.XLOOKUP(B6,'2026'!A:A,'2026'!AS:AS) -> Neutral | Q6: {=_xlfn.XLOOKUP(1, (Goalies!C:C=Projections!W6)*(Goalies!A:A=Projections!$Q$4), Goalies!D:D)} -> Sam Montembeault | R6: {=_xlfn.XLOOKUP(1, (Goalies!C:C=Projections!W6)*(Goalies!A:A=Projections!$R$4), Goalies!D:D)} -> Jakub Dobes | S6: 0 | T6: =IFERROR(L6*S5+(1-S5)*N6,0) -> 3.3083054 | W6: =F6 -> MTL | X6: ='2026'!BJ4 -> #N/A | Y6: ='2026'!BK4 -> #N/A | Z6: ='2026'!BL4 -> #N/A | AA6: ='2026'!BM4 -> #N/A
A7: =IF(D7=0,"0",(_xlfn.XLOOKUP(B7,'2026'!A:A,'2026'!C:C))) -> 46044 | B7: 2025020796 CHI | C7: 2025020796 | D7: =_xlfn.XLOOKUP(B7,'2026'!A:A,'2026'!AT:AT) -> 2.3702672 | E7: =_xlfn.XLOOKUP(B7,'2026'!A:A,'2026'!Z:Z) -> 0.96 | F7: =_xlfn.XLOOKUP(B7,'2026'!A:A,'2026'!E:E) -> CHI | G7: =D7/E8 -> 2.3702672 | H7: =SUMIFS(Goalies!$J:$J,Goalies!$C:$C,Projections!$F7,Goalies!$A:$A,Projections!H$2) -> 0.96 | I7: =SUMIFS(Goalies!$J:$J,Goalies!$C:$C,Projections!$F7,Goalies!$A:$A,Projections!I$2) -> 0.96 | J7: =SUMIFS(Goalies!$J:$J,Goalies!$C:$C,Projections!$F7,Goalies!$A:$A,Projections!J$2) -> 1.06 | K7: =SUMIFS(Goalies!$J:$J,Goalies!$C:$C,Projections!$F7,Goalies!$A:$A,Projections!K$2) -> 1.06 | L7: =IFERROR($G7*H8,0) -> 2.4769292 | M7: =IFERROR($G7*I8,0) -> 2.3939699 | N7: =IFERROR($G7*J8,0) -> 2.4769292 | O7: =IFERROR($G7*K8,0) -> 2.3939699 | P7: =_xlfn.XLOOKUP(B7,'2026'!A:A,'2026'!AS:AS) -> Weak | Q7: {=_xlfn.XLOOKUP(1, (Goalies!C:C=Projections!W7)*(Goalies!A:A=Projections!$Q$4), Goalies!D:D)} -> Spencer Knight | R7: {=_xlfn.XLOOKUP(1, (Goalies!C:C=Projections!W7)*(Goalies!A:A=Projections!$R$4), Goalies!D:D)} -> Arvid Soderblom | S7: 0 | T7: =IFERROR(L7*S8+(1-S8)*M7,0) -> 2.3939699 | W7: =F7 -> CHI | X7: ='2026'!BJ5 -> 312 | Y7: ='2026'!BK5 -> -191 | Z7: ='2026'!BL5 -> -156 | AA7: ='2026'!BM5 -> -116
A8: =IF(D8=0,"0",(_xlfn.XLOOKUP(B8,'2026'!A:A,'2026'!C:C))) -> 46044 | B8: 2025020796 CAR | C8: 2025020796 | D8: =_xlfn.XLOOKUP(B8,'2026'!A:A,'2026'!AT:AT) -> 3.8355292 | E8: =_xlfn.XLOOKUP(B8,'2026'!A:A,'2026'!Z:Z) -> 1 | F8: =_xlfn.XLOOKUP(B8,'2026'!A:A,'2026'!E:E) -> CAR | G8: =D8/E7 -> 3.9953429 | H8: =SUMIFS(Goalies!$J:$J,Goalies!$C:$C,Projections!$F8,Goalies!$A:$A,Projections!H$4) -> 1.045 | I8: =SUMIFS(Goalies!$J:$J,Goalies!$C:$C,Projections!$F8,Goalies!$A:$A,Projections!I$4) -> 1.01 | J8: =SUMIFS(Goalies!$J:$J,Goalies!$C:$C,Projections!$F8,Goalies!$A:$A,Projections!J$4) -> 1.045 | K8: =SUMIFS(Goalies!$J:$J,Goalies!$C:$C,Projections!$F8,Goalies!$A:$A,Projections!K$4) -> 1.01 | L8: =IFERROR($G8*H7,0) -> 3.8355292 | M8: =IFERROR($G8*I7,0) -> 3.8355292 | N8: =IFERROR($G8*J7,0) -> 4.2350635 | O8: =IFERROR($G8*K7,0) -> 4.2350635 | P8: =_xlfn.XLOOKUP(B8,'2026'!A:A,'2026'!AS:AS) -> Weak | Q8: {=_xlfn.XLOOKUP(1, (Goalies!C:C=Projections!W8)*(Goalies!A:A=Projections!$Q$4), Goalies!D:D)} -> Frederik Andersen | R8: {=_xlfn.XLOOKUP(1, (Goalies!C:C=Projections!W8)*(Goalies!A:A=Projections!$R$4), Goalies!D:D)} -> Pyotr Kochetkov | S8: 0 | T8: =IFERROR(L8*S7+(1-S7)*N8,0) -> 4.2350635 | W8: =F8 -> CAR | X8: ='2026'!BJ6 -> -312 | Y8: ='2026'!BK6 -> 191 | Z8: ='2026'!BL6 -> 156 | AA8: ='2026'!BM6 -> 116
A9: =IF(D9=0,"0",(_xlfn.XLOOKUP(B9,'2026'!A:A,'2026'!C:C))) -> 46044 | B9: 2025020797 DAL | C9: 2025020797 | D9: =_xlfn.XLOOKUP(B9,'2026'!A:A,'2026'!AT:AT) -> 3.0151744 | E9: =_xlfn.XLOOKUP(B9,'2026'!A:A,'2026'!Z:Z) -> 1.005 | F9: =_xlfn.XLOOKUP(B9,'2026'!A:A,'2026'!E:E) -> DAL | G9: =D9/E10 -> 3.0924866 | H9: =SUMIFS(Goalies!$J:$J,Goalies!$C:$C,Projections!$F9,Goalies!$A:$A,Projections!H$2) -> 0.995 | I9: =SUMIFS(Goalies!$J:$J,Goalies!$C:$C,Projections!$F9,Goalies!$A:$A,Projections!I$2) -> 0.995 | J9: =SUMIFS(Goalies!$J:$J,Goalies!$C:$C,Projections!$F9,Goalies!$A:$A,Projections!J$2) -> 1.005 | K9: =SUMIFS(Goalies!$J:$J,Goalies!$C:$C,Projections!$F9,Goalies!$A:$A,Projections!K$2) -> 1.005 | L9: =IFERROR($G9*H10,0) -> 3.0151744 | M9: =IFERROR($G9*I10,0) -> 3.2471109 | N9: =IFERROR($G9*J10,0) -> 3.0151744 | O9: =IFERROR($G9*K10,0) -> 3.2471109 | P9: =_xlfn.XLOOKUP(B9,'2026'!A:A,'2026'!AS:AS) -> Neutral | Q9: {=_xlfn.XLOOKUP(1, (Goalies!C:C=Projections!W9)*(Goalies!A:A=Projections!$Q$4), Goalies!D:D)} -> Jake Oettinger | R9: {=_xlfn.XLOOKUP(1, (Goalies!C:C=Projections!W9)*(Goalies!A:A=Projections!$R$4), Goalies!D:D)} -> Casey DeSmith | S9: 0 | T9: =IFERROR(L9*S10+(1-S10)*M9,0) -> 3.0151744 | W9: =F9 -> DAL | X9: ='2026'!BJ7 -> 104 | Y9: ='2026'!BK7 -> -134 | Z9: ='2026'!BL7 -> -107 | AA9: ='2026'!BM7 -> 118
A10: =IF(D10=0,"0",(_xlfn.XLOOKUP(B10,'2026'!A:A,'2026'!C:C))) -> 46044 | B10: 2025020797 CBJ | C10: 2025020797 | D10: =_xlfn.XLOOKUP(B10,'2026'!A:A,'2026'!AT:AT) -> 3.0555627 | E10: =_xlfn.XLOOKUP(B10,'2026'!A:A,'2026'!Z:Z) -> 0.975 | F10: =_xlfn.XLOOKUP(B10,'2026'!A:A,'2026'!E:E) -> CBJ | G10: =D10/E9 -> 3.0403609 | H10: =SUMIFS(Goalies!$J:$J,Goalies!$C:$C,Projections!$F10,Goalies!$A:$A,Projections!H$4) -> 0.975 | I10: =SUMIFS(Goalies!$J:$J,Goalies!$C:$C,Projections!$F10,Goalies!$A:$A,Projections!I$4) -> 1.05 | J10: =SUMIFS(Goalies!$J:$J,Goalies!$C:$C,Projections!$F10,Goalies!$A:$A,Projections!J$4) -> 0.975 | K10: =SUMIFS(Goalies!$J:$J,Goalies!$C:$C,Projections!$F10,Goalies!$A:$A,Projections!K$4) -> 1.05 | L10: =IFERROR($G10*H9,0) -> 3.0251591 | M10: =IFERROR($G10*I9,0) -> 3.0251591 | N10: =IFERROR($G10*J9,0) -> 3.0555627 | O10: =IFERROR($G10*K9,0) -> 3.0555627 | P10: =_xlfn.XLOOKUP(B10,'2026'!A:A,'2026'!AS:AS) -> Neutral | Q10: {=_xlfn.XLOOKUP(1, (Goalies!C:C=Projections!W10)*(Goalies!A:A=Projections!$Q$4), Goalies!D:D)} -> Jet Greaves | R10: {=_xlfn.XLOOKUP(1, (Goalies!C:C=Projections!W10)*(Goalies!A:A=Projections!$R$4), Goalies!D:D)} -> Elvis Merzlikins | S10: 1 | T10: =IFERROR(L10*S9+(1-S9)*N10,0) -> 3.0555627 | W10: =F10 -> CBJ | X10: ='2026'!BJ8 -> -104 | Y10: ='2026'!BK8 -> 134 | Z10: ='2026'!BL8 -> 107 | AA10: ='2026'!BM8 -> -118
A11: =IF(D11=0,"0",(_xlfn.XLOOKUP(B11,'2026'!A:A,'2026'!C:C))) -> 46044 | B11: 2025020794 VGK | C11: 2025020794 | D11: =_xlfn.XLOOKUP(B11,'2026'!A:A,'2026'!AT:AT) -> 3.2514257 | E11: =_xlfn.XLOOKUP(B11,'2026'!A:A,'2026'!Z:Z) -> 0.99 | F11: =_xlfn.XLOOKUP(B11,'2026'!A:A,'2026'!E:E) -> VGK | G11: =D11/E12 -> 3.1263709 | H11: =SUMIFS(Goalies!$J:$J,Goalies!$C:$C,Projections!$F11,Goalies!$A:$A,Projections!H$2) -> 1 | I11: =SUMIFS(Goalies!$J:$J,Goalies!$C:$C,Projections!$F11,Goalies!$A:$A,Projections!I$2) -> 1 | J11: =SUMIFS(Goalies!$J:$J,Goalies!$C:$C,Projections!$F11,Goalies!$A:$A,Projections!J$2) -> 2.04 | K11: =SUMIFS(Goalies!$J:$J,Goalies!$C:$C,Projections!$F11,Goalies!$A:$A,Projections!K$2) -> 2.04 | L11: =IFERROR($G11*H12,0) -> 3.0482116 | M11: =IFERROR($G11*I12,0) -> 3.2514257 | N11: =IFERROR($G11*J12,0) -> 3.0482116 | O11: =IFERROR($G11*K12,0) -> 3.2514257 | P11: =_xlfn.XLOOKUP(B11,'2026'!A:A,'2026'!AS:AS) -> Weak | Q11: {=_xlfn.XLOOKUP(1, (Goalies!C:C=Projections!W11)*(Goalies!A:A=Projections!$Q$4), Goalies!D:D)} -> Adin Hill | R11: {=_xlfn.XLOOKUP(1, (Goalies!C:C=Projections!W11)*(Goalies!A:A=Projections!$R$4), Goalies!D:D)} -> Akira Schmid | S11: 0 | T11: =IFERROR(L11*S12+(1-S12)*M11,0) -> 3.2514257 | W11: =F11 -> VGK | X11: ='2026'!BJ9 -> #N/A | Y11: ='2026'!BK9 -> #N/A | Z11: ='2026'!BL9 -> #N/A | AA11: ='2026'!BM9 -> #N/A
A12: =IF(D12=0,"0",(_xlfn.XLOOKUP(B12,'2026'!A:A,'2026'!C:C))) -> 46044 | B12: 2025020794 BOS | C12: 2025020794 | D12: =_xlfn.XLOOKUP(B12,'2026'!A:A,'2026'!AT:AT) -> 2.863222 | E12: =_xlfn.XLOOKUP(B12,'2026'!A:A,'2026'!Z:Z) -> 1.04 | F12: =_xlfn.XLOOKUP(B12,'2026'!A:A,'2026'!E:E) -> BOS | G12: =D12/E11 -> 2.8921434 | H12: =SUMIFS(Goalies!$J:$J,Goalies!$C:$C,Projections!$F12,Goalies!$A:$A,Projections!H$4) -> 0.975 | I12: =SUMIFS(Goalies!$J:$J,Goalies!$C:$C,Projections!$F12,Goalies!$A:$A,Projections!I$4) -> 1.04 | J12: =SUMIFS(Goalies!$J:$J,Goalies!$C:$C,Projections!$F12,Goalies!$A:$A,Projections!J$4) -> 0.975 | K12: =SUMIFS(Goalies!$J:$J,Goalies!$C:$C,Projections!$F12,Goalies!$A:$A,Projections!K$4) -> 1.04 | L12: =IFERROR($G12*H11,0) -> 2.8921434 | M12: =IFERROR($G12*I11,0) -> 2.8921434 | N12: =IFERROR($G12*J11,0) -> 5.8999725 | O12: =IFERROR($G12*K11,0) -> 5.8999725 | P12: =_xlfn.XLOOKUP(B12,'2026'!A:A,'2026'!AS:AS) -> Weak | Q12: {=_xlfn.XLOOKUP(1, (Goalies!C:C=Projections!W12)*(Goalies!A:A=Projections!$Q$4), Goalies!D:D)} -> Jeremy Swayman | R12: {=_xlfn.XLOOKUP(1, (Goalies!C:C=Projections!W12)*(Goalies!A:A=Projections!$R$4), Goalies!D:D)} -> Joonas Korpisalo | S12: 0 | T12: =IFERROR(L12*S11+(1-S11)*N12,0) -> 5.8999725 | W12: =F12 -> BOS | X12: ='2026'!BJ10 -> #N/A | Y12: ='2026'!BK10 -> #N/A | Z12: ='2026'!BL10 -> #N/A | AA12: ='2026'!BM10 -> #N/A
A13: =IF(D13=0,"0",(_xlfn.XLOOKUP(B13,'2026'!A:A,'2026'!C:C))) -> 46044 | B13: 2025020799 FLA | C13: 2025020799 | D13: =_xlfn.XLOOKUP(B13,'2026'!A:A,'2026'!AT:AT) -> 2.933464 | E13: =_xlfn.XLOOKUP(B13,'2026'!A:A,'2026'!Z:Z) -> 1.005 | F13: =_xlfn.XLOOKUP(B13,'2026'!A:A,'2026'!E:E) -> FLA | G13: =D13/E14 -> 3.0398591 | H13: =SUMIFS(Goalies!$J:$J,Goalies!$C:$C,Projections!$F13,Goalies!$A:$A,Projections!H$2) -> 0.995 | I13: =SUMIFS(Goalies!$J:$J,Goalies!$C:$C,Projections!$F13,Goalies!$A:$A,Projections!I$2) -> 0.995 | J13: =SUMIFS(Goalies!$J:$J,Goalies!$C:$C,Projections!$F13,Goalies!$A:$A,Projections!J$2) -> 1.005 | K13: =SUMIFS(Goalies!$J:$J,Goalies!$C:$C,Projections!$F13,Goalies!$A:$A,Projections!K$2) -> 1.005 | L13: =IFERROR($G13*H14,0) -> 2.933464 | M13: =IFERROR($G13*I14,0) -> 3.2222506 | N13: =IFERROR($G13*J14,0) -> 2.933464 | O13: =IFERROR($G13*K14,0) -> 3.2222506 | P13: =_xlfn.XLOOKUP(B13,'2026'!A:A,'2026'!AS:AS) -> Weak | Q13: {=_xlfn.XLOOKUP(1, (Goalies!C:C=Projections!W13)*(Goalies!A:A=Projections!$Q$4), Goalies!D:D)} -> Sergei Bobrovsky | R13: {=_xlfn.XLOOKUP(1, (Goalies!C:C=Projections!W13)*(Goalies!A:A=Projections!$R$4), Goalies!D:D)} -> Daniil Tarasov | S13: 1 | T13: =IFERROR(L13*S14+(1-S14)*M13,0) -> 2.933464 | W13: =F13 -> FLA | X13: ='2026'!BJ11 -> -104 | Y13: ='2026'!BK11 -> -117 | Z13: ='2026'!BL11 -> 109 | AA13: ='2026'!BM11 -> 135
A14: =IF(D14=0,"0",(_xlfn.XLOOKUP(B14,'2026'!A:A,'2026'!C:C))) -> 46044 | B14: 2025020799 WPG | C14: 2025020799 | D14: =_xlfn.XLOOKUP(B14,'2026'!A:A,'2026'!AT:AT) -> 2.9495483 | E14: =_xlfn.XLOOKUP(B14,'2026'!A:A,'2026'!Z:Z) -> 0.965 | F14: =_xlfn.XLOOKUP(B14,'2026'!A:A,'2026'!E:E) -> WPG | G14: =D14/E13 -> 2.934874 | H14: =SUMIFS(Goalies!$J:$J,Goalies!$C:$C,Projections!$F14,Goalies!$A:$A,Projections!H$4) -> 0.965 | I14: =SUMIFS(Goalies!$J:$J,Goalies!$C:$C,Projections!$F14,Goalies!$A:$A,Projections!I$4) -> 1.06 | J14: =SUMIFS(Goalies!$J:$J,Goalies!$C:$C,Projections!$F14,Goalies!$A:$A,Projections!J$4) -> 0.965 | K14: =SUMIFS(Goalies!$J:$J,Goalies!$C:$C,Projections!$F14,Goalies!$A:$A,Projections!K$4) -> 1.06 | L14: =IFERROR($G14*H13,0) -> 2.9201996 | M14: =IFERROR($G14*I13,0) -> 2.9201996 | N14: =IFERROR($G14*J13,0) -> 2.9495483 | O14: =IFERROR($G14*K13,0) -> 2.9495483 | P14: =_xlfn.XLOOKUP(B14,'2026'!A:A,'2026'!AS:AS) -> Weak | Q14: {=_xlfn.XLOOKUP(1, (Goalies!C:C=Projections!W14)*(Goalies!A:A=Projections!$Q$4), Goalies!D:D)} -> Connor Hellebuyck | R14: {=_xlfn.XLOOKUP(1, (Goalies!C:C=Projections!W14)*(Goalies!A:A=Projections!$R$4), Goalies!D:D)} -> Eric Comrie | S14: 1 | T14: =IFERROR(L14*S13+(1-S13)*N14,0) -> 2.9201996 | W14: =F14 -> WPG | X14: ='2026'!BJ12 -> 104 | Y14: ='2026'!BK12 -> 117 | Z14: ='2026'!BL12 -> -109 | AA14: ='2026'!BM12 -> -135
A15: =IF(D15=0,"0",(_xlfn.XLOOKUP(B15,'2026'!A:A,'2026'!C:C))) -> 46044 | B15: 2025020798 OTT | C15: 2025020798 | D15: =_xlfn.XLOOKUP(B15,'2026'!A:A,'2026'!AT:AT) -> 3.1218223 | E15: =_xlfn.XLOOKUP(B15,'2026'!A:A,'2026'!Z:Z) -> 1.02 | F15: =_xlfn.XLOOKUP(B15,'2026'!A:A,'2026'!E:E) -> OTT | G15: =D15/E16 -> 3.1503606 | H15: =SUMIFS(Goalies!$J:$J,Goalies!$C:$C,Projections!$F15,Goalies!$A:$A,Projections!H$2) -> 0.99 | I15: =SUMIFS(Goalies!$J:$J,Goalies!$C:$C,Projections!$F15,Goalies!$A:$A,Projections!I$2) -> 0.99 | J15: =SUMIFS(Goalies!$J:$J,Goalies!$C:$C,Projections!$F15,Goalies!$A:$A,Projections!J$2) -> 1.03 | K15: =SUMIFS(Goalies!$J:$J,Goalies!$C:$C,Projections!$F15,Goalies!$A:$A,Projections!K$2) -> 1.03 | L15: =IFERROR($G15*H16,0) -> 3.1218223 | M15: =IFERROR($G15*I16,0) -> 3.2133678 | N15: =IFERROR($G15*J16,0) -> 3.1218223 | O15: =IFERROR($G15*K16,0) -> 3.2133678 | P15: =_xlfn.XLOOKUP(B15,'2026'!A:A,'2026'!AS:AS) -> Neutral | Q15: {=_xlfn.XLOOKUP(1, (Goalies!C:C=Projections!W15)*(Goalies!A:A=Projections!$Q$4), Goalies!D:D)} -> Linus Ullmark | R15: {=_xlfn.XLOOKUP(1, (Goalies!C:C=Projections!W15)*(Goalies!A:A=Projections!$R$4), Goalies!D:D)} -> Leevi Merilainen | S15: 1 | T15: =IFERROR(L15*S16+(1-S16)*M15,0) -> 3.1218223 | W15: =F15 -> OTT | X15: ='2026'!BJ13 -> -109 | Y15: ='2026'!BK13 -> -140 | Z15: ='2026'!BL13 -> -113 | AA15: ='2026'!BM13 -> 113
A16: =IF(D16=0,"0",(_xlfn.XLOOKUP(B16,'2026'!A:A,'2026'!C:C))) -> 46044 | B16: 2025020798 NSH | C16: 2025020798 | D16: =_xlfn.XLOOKUP(B16,'2026'!A:A,'2026'!AT:AT) -> 3.1067255 | E16: =_xlfn.XLOOKUP(B16,'2026'!A:A,'2026'!Z:Z) -> 0.99094125 | F16: =_xlfn.XLOOKUP(B16,'2026'!A:A,'2026'!E:E) -> NSH | G16: =D16/E15 -> 3.0458094 | H16: =SUMIFS(Goalies!$J:$J,Goalies!$C:$C,Projections!$F16,Goalies!$A:$A,Projections!H$4) -> 0.99094125 | I16: =SUMIFS(Goalies!$J:$J,Goalies!$C:$C,Projections!$F16,Goalies!$A:$A,Projections!I$4) -> 1.02 | J16: =SUMIFS(Goalies!$J:$J,Goalies!$C:$C,Projections!$F16,Goalies!$A:$A,Projections!J$4) -> 0.99094125 | K16: =SUMIFS(Goalies!$J:$J,Goalies!$C:$C,Projections!$F16,Goalies!$A:$A,Projections!K$4) -> 1.02 | L16: =IFERROR($G16*H15,0) -> 3.0153513 | M16: =IFERROR($G16*I15,0) -> 3.0153513 | N16: =IFERROR($G16*J15,0) -> 3.1371836 | O16: =IFERROR($G16*K15,0) -> 3.1371836 | P16: =_xlfn.XLOOKUP(B16,'2026'!A:A,'2026'!AS:AS) -> Neutral | Q16: {=_xlfn.XLOOKUP(1, (Goalies!C:C=Projections!W16)*(Goalies!A:A=Projections!$Q$4), Goalies!D:D)} -> Juuse Saros | R16: {=_xlfn.XLOOKUP(1, (Goalies!C:C=Projections!W16)*(Goalies!A:A=Projections!$R$4), Goalies!D:D)} -> Justus Annunen | S16: 1 | T16: =IFERROR(L16*S15+(1-S15)*N16,0) -> 3.0153513 | W16: =F16 -> NSH | X16: ='2026'!BJ14 -> 109 | Y16: ='2026'!BK14 -> 140 | Z16: ='2026'!BL14 -> 113 | AA16: ='2026'!BM14 -> -113
A17: =IF(D17=0,"0",(_xlfn.XLOOKUP(B17,'2026'!A:A,'2026'!C:C))) -> 46044 | B17: 2025020800 PIT | C17: 2025020800 | D17: =_xlfn.XLOOKUP(B17,'2026'!A:A,'2026'!AT:AT) -> 2.7898263 | E17: =_xlfn.XLOOKUP(B17,'2026'!A:A,'2026'!Z:Z) -> 1.03 | F17: =_xlfn.XLOOKUP(B17,'2026'!A:A,'2026'!E:E) -> PIT | G17: =D17/E18 -> 2.8613603 | H17: =SUMIFS(Goalies!$J:$J,Goalies!$C:$C,Projections!$F17,Goalies!$A:$A,Projections!H$2) -> 0.975 | I17: =SUMIFS(Goalies!$J:$J,Goalies!$C:$C,Projections!$F17,Goalies!$A:$A,Projections!I$2) -> 0.975 | J17: =SUMIFS(Goalies!$J:$J,Goalies!$C:$C,Projections!$F17,Goalies!$A:$A,Projections!J$2) -> 2.07 | K17: =SUMIFS(Goalies!$J:$J,Goalies!$C:$C,Projections!$F17,Goalies!$A:$A,Projections!K$2) -> 2.07 | L17: =IFERROR($G17*H18,0) -> 2.7898263 | M17: =IFERROR($G17*I18,0) -> 2.9472011 | N17: =IFERROR($G17*J18,0) -> 2.7898263 | O17: =IFERROR($G17*K18,0) -> 2.9472011 | P17: =_xlfn.XLOOKUP(B17,'2026'!A:A,'2026'!AS:AS) -> Neutral | Q17: {=_xlfn.XLOOKUP(1, (Goalies!C:C=Projections!W17)*(Goalies!A:A=Projections!$Q$4), Goalies!D:D)} -> Stuart Skinner | R17: {=_xlfn.XLOOKUP(1, (Goalies!C:C=Projections!W17)*(Goalies!A:A=Projections!$R$4), Goalies!D:D)} -> Arturs Silovs | S17: 1 | T17: =IFERROR(L17*S18+(1-S18)*M17,0) -> 2.7898263 | W17: =F17 -> PIT | X17: ='2026'!BJ15 -> 157 | Y17: ='2026'!BK15 -> -153 | Z17: ='2026'!BL15 -> -124 | AA17: ='2026'!BM15 -> 104
A18: =IF(D18=0,"0",(_xlfn.XLOOKUP(B18,'2026'!A:A,'2026'!C:C))) -> 46044 | B18: 2025020800 EDM | C18: 2025020800 | D18: =_xlfn.XLOOKUP(B18,'2026'!A:A,'2026'!AT:AT) -> 3.6919052 | E18: =_xlfn.XLOOKUP(B18,'2026'!A:A,'2026'!Z:Z) -> 0.975 | F18: =_xlfn.XLOOKUP(B18,'2026'!A:A,'2026'!E:E) -> EDM | G18: =D18/E17 -> 3.584374 | H18: =SUMIFS(Goalies!$J:$J,Goalies!$C:$C,Projections!$F18,Goalies!$A:$A,Projections!H$4) -> 0.975 | I18: =SUMIFS(Goalies!$J:$J,Goalies!$C:$C,Projections!$F18,Goalies!$A:$A,Projections!I$4) -> 1.03 | J18: =SUMIFS(Goalies!$J:$J,Goalies!$C:$C,Projections!$F18,Goalies!$A:$A,Projections!J$4) -> 0.975 | K18: =SUMIFS(Goalies!$J:$J,Goalies!$C:$C,Projections!$F18,Goalies!$A:$A,Projections!K$4) -> 1.03 | L18: =IFERROR($G18*H17,0) -> 3.4947646 | M18: =IFERROR($G18*I17,0) -> 3.4947646 | N18: =IFERROR($G18*J17,0) -> 7.4196541 | O18: =IFERROR($G18*K17,0) -> 7.4196541 | P18: =_xlfn.XLOOKUP(B18,'2026'!A:A,'2026'!AS:AS) -> Neutral | Q18: {=_xlfn.XLOOKUP(1, (Goalies!C:C=Projections!W18)*(Goalies!A:A=Projections!$Q$4), Goalies!D:D)} -> Tristan Jarry | R18: {=_xlfn.XLOOKUP(1, (Goalies!C:C=Projections!W18)*(Goalies!A:A=Projections!$R$4), Goalies!D:D)} -> Calvin Pickard | S18: 1 | T18: =IFERROR(L18*S17+(1-S17)*N18,0) -> 3.4947646 | W18: =F18 -> EDM | X18: ='2026'!BJ16 -> -157 | Y18: ='2026'!BK16 -> 153 | Z18: ='2026'!BL16 -> 124 | AA18: ='2026'!BM16 -> -104
A19: =IF(D19=0,"0",(_xlfn.XLOOKUP(B19,'2026'!A:A,'2026'!C:C))) -> 46044 | B19: 2025020801 DET | C19: 2025020801 | D19: =_xlfn.XLOOKUP(B19,'2026'!A:A,'2026'!AT:AT) -> 2.7730591 | E19: =_xlfn.XLOOKUP(B19,'2026'!A:A,'2026'!Z:Z) -> 1.01 | F19: =_xlfn.XLOOKUP(B19,'2026'!A:A,'2026'!E:E) -> DET | G19: =D19/E20 -> 2.8010698 | H19: =SUMIFS(Goalies!$J:$J,Goalies!$C:$C,Projections!$F19,Goalies!$A:$A,Projections!H$2) -> 0.99 | I19: =SUMIFS(Goalies!$J:$J,Goalies!$C:$C,Projections!$F19,Goalies!$A:$A,Projections!I$2) -> 0.99 | J19: =SUMIFS(Goalies!$J:$J,Goalies!$C:$C,Projections!$F19,Goalies!$A:$A,Projections!J$2) -> 1.01 | K19: =SUMIFS(Goalies!$J:$J,Goalies!$C:$C,Projections!$F19,Goalies!$A:$A,Projections!K$2) -> 1.01 | L19: =IFERROR($G19*H20,0) -> 2.7730591 | M19: =IFERROR($G19*I20,0) -> 2.8430858 | N19: =IFERROR($G19*J20,0) -> 2.7730591 | O19: =IFERROR($G19*K20,0) -> 2.8430858 | P19: =_xlfn.XLOOKUP(B19,'2026'!A:A,'2026'!AS:AS) -> Neutral | Q19: {=_xlfn.XLOOKUP(1, (Goalies!C:C=Projections!W19)*(Goalies!A:A=Projections!$Q$4), Goalies!D:D)} -> John Gibson | R19: {=_xlfn.XLOOKUP(1, (Goalies!C:C=Projections!W19)*(Goalies!A:A=Projections!$R$4), Goalies!D:D)} -> Cam Talbot | S19: 1 | T19: =IFERROR(L19*S20+(1-S20)*M19,0) -> 2.7730591 | W19: =F19 -> DET | X19: ='2026'!BJ17 -> 140 | Y19: ='2026'!BK17 -> -132 | Z19: ='2026'!BL17 -> -106 | AA19: ='2026'!BM17 -> 119
A20: =IF(D20=0,"0",(_xlfn.XLOOKUP(B20,'2026'!A:A,'2026'!C:C))) -> 46044 | B20: 2025020801 MIN | C20: 2025020801 | D20: =_xlfn.XLOOKUP(B20,'2026'!A:A,'2026'!AT:AT) -> 3.3520379 | E20: =_xlfn.XLOOKUP(B20,'2026'!A:A,'2026'!Z:Z) -> 0.99 | F20: =_xlfn.XLOOKUP(B20,'2026'!A:A,'2026'!E:E) -> MIN | G20: =D20/E19 -> 3.3188494 | H20: =SUMIFS(Goalies!$J:$J,Goalies!$C:$C,Projections!$F20,Goalies!$A:$A,Projections!H$4) -> 0.99 | I20: =SUMIFS(Goalies!$J:$J,Goalies!$C:$C,Projections!$F20,Goalies!$A:$A,Projections!I$4) -> 1.015 | J20: =SUMIFS(Goalies!$J:$J,Goalies!$C:$C,Projections!$F20,Goalies!$A:$A,Projections!J$4) -> 0.99 | K20: =SUMIFS(Goalies!$J:$J,Goalies!$C:$C,Projections!$F20,Goalies!$A:$A,Projections!K$4) -> 1.015 | L20: =IFERROR($G20*H19,0) -> 3.2856609 | M20: =IFERROR($G20*I19,0) -> 3.2856609 | N20: =IFERROR($G20*J19,0) -> 3.3520379 | O20: =IFERROR($G20*K19,0) -> 3.3520379 | P20: =_xlfn.XLOOKUP(B20,'2026'!A:A,'2026'!AS:AS) -> Neutral | Q20: {=_xlfn.XLOOKUP(1, (Goalies!C:C=Projections!W20)*(Goalies!A:A=Projections!$Q$4), Goalies!D:D)} -> Filip Gustavsson | R20: {=_xlfn.XLOOKUP(1, (Goalies!C:C=Projections!W20)*(Goalies!A:A=Projections!$R$4), Goalies!D:D)} -> Jesper Wallstedt | S20: 1 | T20: =IFERROR(L20*S19+(1-S19)*N20,0) -> 3.2856609 | W20: =F20 -> MIN | X20: ='2026'!BJ18 -> -140 | Y20: ='2026'!BK18 -> 132 | Z20: ='2026'!BL18 -> 106 | AA20: ='2026'!BM18 -> -119
A21: =IF(D21=0,"0",(_xlfn.XLOOKUP(B21,'2026'!A:A,'2026'!C:C))) -> 46045 | B21: 2025020803 TBL | C21: 2025020803 | D21: =_xlfn.XLOOKUP(B21,'2026'!A:A,'2026'!AT:AT) -> 4.0631841 | E21: =_xlfn.XLOOKUP(B21,'2026'!A:A,'2026'!Z:Z) -> 0.965 | F21: =_xlfn.XLOOKUP(B21,'2026'!A:A,'2026'!E:E) -> TBL | G21: =D21/E22 -> 3.8331926 | H21: =SUMIFS(Goalies!$J:$J,Goalies!$C:$C,Projections!$F21,Goalies!$A:$A,Projections!H$2) -> 0.965 | I21: =SUMIFS(Goalies!$J:$J,Goalies!$C:$C,Projections!$F21,Goalies!$A:$A,Projections!I$2) -> 0.965 | J21: =SUMIFS(Goalies!$J:$J,Goalies!$C:$C,Projections!$F21,Goalies!$A:$A,Projections!J$2) -> 1.05 | K21: =SUMIFS(Goalies!$J:$J,Goalies!$C:$C,Projections!$F21,Goalies!$A:$A,Projections!K$2) -> 1.05 | L21: =IFERROR($G21*H22,0) -> 3.6798649 | M21: =IFERROR($G21*I22,0) -> 4.0631841 | N21: =IFERROR($G21*J22,0) -> 3.6798649 | O21: =IFERROR($G21*K22,0) -> 4.0631841 | P21: =_xlfn.XLOOKUP(B21,'2026'!A:A,'2026'!AS:AS) -> Neutral | Q21: {=_xlfn.XLOOKUP(1, (Goalies!C:C=Projections!W21)*(Goalies!A:A=Projections!$Q$4), Goalies!D:D)} -> Andrei Vasilevskiy | R21: {=_xlfn.XLOOKUP(1, (Goalies!C:C=Projections!W21)*(Goalies!A:A=Projections!$R$4), Goalies!D:D)} -> Jonas Johansson | S21: 1 | T21: =IFERROR(L21*S22+(1-S22)*M21,0) -> 4.0631841 | W21: =F21 -> TBL | X21: ='2026'!BJ19 -> -279 | Y21: ='2026'!BK19 -> -174 | Z21: ='2026'!BL19 -> -141 | AA21: ='2026'!BM19 -> -107
A22: =IF(D22=0,"0",(_xlfn.XLOOKUP(B22,'2026'!A:A,'2026'!C:C))) -> 46045 | B22: 2025020803 CHI | C22: 2025020803 | D22: =_xlfn.XLOOKUP(B22,'2026'!A:A,'2026'!AT:AT) -> 2.4124869 | E22: =_xlfn.XLOOKUP(B22,'2026'!A:A,'2026'!Z:Z) -> 1.06 | F22: =_xlfn.XLOOKUP(B22,'2026'!A:A,'2026'!E:E) -> CHI | G22: =D22/E21 -> 2.4999864 | H22: =SUMIFS(Goalies!$J:$J,Goalies!$C:$C,Projections!$F22,Goalies!$A:$A,Projections!H$4) -> 0.96 | I22: =SUMIFS(Goalies!$J:$J,Goalies!$C:$C,Projections!$F22,Goalies!$A:$A,Projections!I$4) -> 1.06 | J22: =SUMIFS(Goalies!$J:$J,Goalies!$C:$C,Projections!$F22,Goalies!$A:$A,Projections!J$4) -> 0.96 | K22: =SUMIFS(Goalies!$J:$J,Goalies!$C:$C,Projections!$F22,Goalies!$A:$A,Projections!K$4) -> 1.06 | L22: =IFERROR($G22*H21,0) -> 2.4124869 | M22: =IFERROR($G22*I21,0) -> 2.4124869 | N22: =IFERROR($G22*J21,0) -> 2.6249857 | O22: =IFERROR($G22*K21,0) -> 2.6249857 | P22: =_xlfn.XLOOKUP(B22,'2026'!A:A,'2026'!AS:AS) -> Neutral | Q22: {=_xlfn.XLOOKUP(1, (Goalies!C:C=Projections!W22)*(Goalies!A:A=Projections!$Q$4), Goalies!D:D)} -> Spencer Knight | R22: {=_xlfn.XLOOKUP(1, (Goalies!C:C=Projections!W22)*(Goalies!A:A=Projections!$R$4), Goalies!D:D)} -> Arvid Soderblom | S22: 0 | T22: =IFERROR(L22*S21+(1-S21)*N22,0) -> 2.4124869 | W22: =F22 -> CHI | X22: ='2026'!BJ20 -> 279 | Y22: ='2026'!BK20 -> 174 | Z22: ='2026'!BL20 -> 141 | AA22: ='2026'!BM20 -> 107
A23: =IF(D23=0,"0",(_xlfn.XLOOKUP(B23,'2026'!A:A,'2026'!C:C))) -> 46045 | B23: 2025020802 VGK | C23: 2025020802 | D23: =_xlfn.XLOOKUP(B23,'2026'!A:A,'2026'!AT:AT) -> 3.0383879 | E23: =_xlfn.XLOOKUP(B23,'2026'!A:A,'2026'!Z:Z) -> 1 | F23: =_xlfn.XLOOKUP(B23,'2026'!A:A,'2026'!E:E) -> VGK | G23: =D23/E24 -> 3.1323587 | H23: =SUMIFS(Goalies!$J:$J,Goalies!$C:$C,Projections!$F23,Goalies!$A:$A,Projections!H$2) -> 1 | I23: =SUMIFS(Goalies!$J:$J,Goalies!$C:$C,Projections!$F23,Goalies!$A:$A,Projections!I$2) -> 1 | J23: =SUMIFS(Goalies!$J:$J,Goalies!$C:$C,Projections!$F23,Goalies!$A:$A,Projections!J$2) -> 2.04 | K23: =SUMIFS(Goalies!$J:$J,Goalies!$C:$C,Projections!$F23,Goalies!$A:$A,Projections!K$2) -> 2.04 | L23: =IFERROR($G23*H24,0) -> 3.1636823 | M23: =IFERROR($G23*I24,0) -> 3.0383879 | N23: =IFERROR($G23*J24,0) -> 3.1636823 | O23: =IFERROR($G23*K24,0) -> 3.0383879 | P23: =_xlfn.XLOOKUP(B23,'2026'!A:A,'2026'!AS:AS) -> Neutral | Q23: {=_xlfn.XLOOKUP(1, (Goalies!C:C=Projections!W23)*(Goalies!A:A=Projections!$Q$4), Goalies!D:D)} -> Adin Hill | R23: {=_xlfn.XLOOKUP(1, (Goalies!C:C=Projections!W23)*(Goalies!A:A=Projections!$R$4), Goalies!D:D)} -> Akira Schmid | S23: 1 | T23: =IFERROR(L23*S24+(1-S24)*M23,0) -> 3.1636823 | W23: =F23 -> VGK | X23: ='2026'!BJ21 -> -113 | Y23: ='2026'!BK21 -> -142 | Z23: ='2026'!BL21 -> -115 | AA23: ='2026'!BM21 -> 111
A24: =IF(D24=0,"0",(_xlfn.XLOOKUP(B24,'2026'!A:A,'2026'!C:C))) -> 46045 | B24: 2025020802 TOR | C24: 2025020802 | D24: =_xlfn.XLOOKUP(B24,'2026'!A:A,'2026'!AT:AT) -> 2.9991725 | E24: =_xlfn.XLOOKUP(B24,'2026'!A:A,'2026'!Z:Z) -> 0.97 | F24: =_xlfn.XLOOKUP(B24,'2026'!A:A,'2026'!E:E) -> TOR | G24: =D24/E23 -> 2.9991725 | H24: =SUMIFS(Goalies!$J:$J,Goalies!$C:$C,Projections!$F24,Goalies!$A:$A,Projections!H$4) -> 1.01 | I24: =SUMIFS(Goalies!$J:$J,Goalies!$C:$C,Projections!$F24,Goalies!$A:$A,Projections!I$4) -> 0.97 | J24: =SUMIFS(Goalies!$J:$J,Goalies!$C:$C,Projections!$F24,Goalies!$A:$A,Projections!J$4) -> 1.01 | K24: =SUMIFS(Goalies!$J:$J,Goalies!$C:$C,Projections!$F24,Goalies!$A:$A,Projections!K$4) -> 0.97 | L24: =IFERROR($G24*H23,0) -> 2.9991725 | M24: =IFERROR($G24*I23,0) -> 2.9991725 | N24: =IFERROR($G24*J23,0) -> 6.1183118 | O24: =IFERROR($G24*K23,0) -> 6.1183118 | P24: =_xlfn.XLOOKUP(B24,'2026'!A:A,'2026'!AS:AS) -> Neutral | Q24: {=_xlfn.XLOOKUP(1, (Goalies!C:C=Projections!W24)*(Goalies!A:A=Projections!$Q$4), Goalies!D:D)} -> Anthony Stolarz | R24: {=_xlfn.XLOOKUP(1, (Goalies!C:C=Projections!W24)*(Goalies!A:A=Projections!$R$4), Goalies!D:D)} -> Joseph Woll | S24: 1 | T24: =IFERROR(L24*S23+(1-S23)*N24,0) -> 2.9991725 | W24: =F24 -> TOR | X24: ='2026'!BJ22 -> 113 | Y24: ='2026'!BK22 -> 142 | Z24: ='2026'!BL22 -> 115 | AA24: ='2026'!BM22 -> -111
A25: =IF(D25=0,"0",(_xlfn.XLOOKUP(B25,'2026'!A:A,'2026'!C:C))) -> 46045 | B25: 2025020804 STL | C25: 2025020804 | D25: =_xlfn.XLOOKUP(B25,'2026'!A:A,'2026'!AT:AT) -> 2.6116437 | E25: =_xlfn.XLOOKUP(B25,'2026'!A:A,'2026'!Z:Z) -> 0.98 | F25: =_xlfn.XLOOKUP(B25,'2026'!A:A,'2026'!E:E) -> STL | G25: =D25/E26 -> 2.6247676 | H25: =SUMIFS(Goalies!$J:$J,Goalies!$C:$C,Projections!$F25,Goalies!$A:$A,Projections!H$2) -> 1.02 | I25: =SUMIFS(Goalies!$J:$J,Goalies!$C:$C,Projections!$F25,Goalies!$A:$A,Projections!I$2) -> 1.02 | J25: =SUMIFS(Goalies!$J:$J,Goalies!$C:$C,Projections!$F25,Goalies!$A:$A,Projections!J$2) -> 0.98 | K25: =SUMIFS(Goalies!$J:$J,Goalies!$C:$C,Projections!$F25,Goalies!$A:$A,Projections!K$2) -> 0.98 | L25: =IFERROR($G25*H26,0) -> 2.6116437 | M25: =IFERROR($G25*I26,0) -> 2.6378914 | N25: =IFERROR($G25*J26,0) -> 2.6116437 | O25: =IFERROR($G25*K26,0) -> 2.6378914 | P25: =_xlfn.XLOOKUP(B25,'2026'!A:A,'2026'!AS:AS) -> Weak | Q25: {=_xlfn.XLOOKUP(1, (Goalies!C:C=Projections!W25)*(Goalies!A:A=Projections!$Q$4), Goalies!D:D)} -> Jordan Binnington | R25: {=_xlfn.XLOOKUP(1, (Goalies!C:C=Projections!W25)*(Goalies!A:A=Projections!$R$4), Goalies!D:D)} -> Joel Hofer | S25: 1 | T25: =IFERROR(L25*S26+(1-S26)*M25,0) -> 2.6116437 | W25: =F25 -> STL | X25: ='2026'!BJ23 -> 165 | Y25: ='2026'!BK23 -> -127 | Z25: ='2026'!BL23 -> -100 | AA25: ='2026'!BM23 -> 126
A26: =IF(D26=0,"0",(_xlfn.XLOOKUP(B26,'2026'!A:A,'2026'!C:C))) -> 46045 | B26: 2025020804 DAL | C26: 2025020804 | D26: =_xlfn.XLOOKUP(B26,'2026'!A:A,'2026'!AT:AT) -> 3.2428629 | E26: =_xlfn.XLOOKUP(B26,'2026'!A:A,'2026'!Z:Z) -> 0.995 | F26: =_xlfn.XLOOKUP(B26,'2026'!A:A,'2026'!E:E) -> DAL | G26: =D26/E25 -> 3.3090437 | H26: =SUMIFS(Goalies!$J:$J,Goalies!$C:$C,Projections!$F26,Goalies!$A:$A,Projections!H$4) -> 0.995 | I26: =SUMIFS(Goalies!$J:$J,Goalies!$C:$C,Projections!$F26,Goalies!$A:$A,Projections!I$4) -> 1.005 | J26: =SUMIFS(Goalies!$J:$J,Goalies!$C:$C,Projections!$F26,Goalies!$A:$A,Projections!J$4) -> 0.995 | K26: =SUMIFS(Goalies!$J:$J,Goalies!$C:$C,Projections!$F26,Goalies!$A:$A,Projections!K$4) -> 1.005 | L26: =IFERROR($G26*H25,0) -> 3.3752246 | M26: =IFERROR($G26*I25,0) -> 3.3752246 | N26: =IFERROR($G26*J25,0) -> 3.2428629 | O26: =IFERROR($G26*K25,0) -> 3.2428629 | P26: =_xlfn.XLOOKUP(B26,'2026'!A:A,'2026'!AS:AS) -> Weak | Q26: {=_xlfn.XLOOKUP(1, (Goalies!C:C=Projections!W26)*(Goalies!A:A=Projections!$Q$4), Goalies!D:D)} -> Jake Oettinger | R26: {=_xlfn.XLOOKUP(1, (Goalies!C:C=Projections!W26)*(Goalies!A:A=Projections!$R$4), Goalies!D:D)} -> Casey DeSmith | S26: 1 | T26: =IFERROR(L26*S25+(1-S25)*N26,0) -> 3.3752246 | W26: =F26 -> DAL | X26: ='2026'!BJ24 -> -165 | Y26: ='2026'!BK24 -> 127 | Z26: ='2026'!BL24 -> 100 | AA26: ='2026'!BM24 -> -126
A27: =IF(D27=0,"0",(_xlfn.XLOOKUP(B27,'2026'!A:A,'2026'!C:C))) -> 46045 | B27: 2025020805 PHI | C27: 2025020805 | D27: =_xlfn.XLOOKUP(B27,'2026'!A:A,'2026'!AT:AT) -> 2.2706318 | E27: =_xlfn.XLOOKUP(B27,'2026'!A:A,'2026'!Z:Z) -> 1 | F27: =_xlfn.XLOOKUP(B27,'2026'!A:A,'2026'!E:E) -> PHI | G27: =D27/E28 -> 2.2935675 | H27: =SUMIFS(Goalies!$J:$J,Goalies!$C:$C,Projections!$F27,Goalies!$A:$A,Projections!H$2) -> 1.04 | I27: =SUMIFS(Goalies!$J:$J,Goalies!$C:$C,Projections!$F27,Goalies!$A:$A,Projections!I$2) -> 1.04 | J27: =SUMIFS(Goalies!$J:$J,Goalies!$C:$C,Projections!$F27,Goalies!$A:$A,Projections!J$2) -> 2.035 | K27: =SUMIFS(Goalies!$J:$J,Goalies!$C:$C,Projections!$F27,Goalies!$A:$A,Projections!K$2) -> 2.035 | L27: =IFERROR($G27*H28,0) -> 2.2706318 | M27: =IFERROR($G27*I28,0) -> 2.3165032 | N27: =IFERROR($G27*J28,0) -> 2.2706318 | O27: =IFERROR($G27*K28,0) -> 2.3165032 | P27: =_xlfn.XLOOKUP(B27,'2026'!A:A,'2026'!AS:AS) -> Neutral | Q27: {=_xlfn.XLOOKUP(1, (Goalies!C:C=Projections!W27)*(Goalies!A:A=Projections!$Q$4), Goalies!D:D)} -> Samuel Ersson | R27: {=_xlfn.XLOOKUP(1, (Goalies!C:C=Projections!W27)*(Goalies!A:A=Projections!$R$4), Goalies!D:D)} -> Dan Vladar | S27: 1 | T27: =IFERROR(L27*S28+(1-S28)*M27,0) -> 2.2706318 | W27: =F27 -> PHI | X27: ='2026'!BJ25 -> 322 | Y27: ='2026'!BK25 -> -165 | Z27: ='2026'!BL25 -> -133 | AA27: ='2026'!BM25 -> -100
A28: =IF(D28=0,"0",(_xlfn.XLOOKUP(B28,'2026'!A:A,'2026'!C:C))) -> 46045 | B28: 2025020805 COL | C28: 2025020805 | D28: =_xlfn.XLOOKUP(B28,'2026'!A:A,'2026'!AT:AT) -> 3.9696174 | E28: =_xlfn.XLOOKUP(B28,'2026'!A:A,'2026'!Z:Z) -> 0.99 | F28: =_xlfn.XLOOKUP(B28,'2026'!A:A,'2026'!E:E) -> COL | G28: =D28/E27 -> 3.9696174 | H28: =SUMIFS(Goalies!$J:$J,Goalies!$C:$C,Projections!$F28,Goalies!$A:$A,Projections!H$4) -> 0.99 | I28: =SUMIFS(Goalies!$J:$J,Goalies!$C:$C,Projections!$F28,Goalies!$A:$A,Projections!I$4) -> 1.01 | J28: =SUMIFS(Goalies!$J:$J,Goalies!$C:$C,Projections!$F28,Goalies!$A:$A,Projections!J$4) -> 0.99 | K28: =SUMIFS(Goalies!$J:$J,Goalies!$C:$C,Projections!$F28,Goalies!$A:$A,Projections!K$4) -> 1.01 | L28: =IFERROR($G28*H27,0) -> 4.128402 | M28: =IFERROR($G28*I27,0) -> 4.128402 | N28: =IFERROR($G28*J27,0) -> 8.0781713 | O28: =IFERROR($G28*K27,0) -> 8.0781713 | P28: =_xlfn.XLOOKUP(B28,'2026'!A:A,'2026'!AS:AS) -> Neutral | Q28: {=_xlfn.XLOOKUP(1, (Goalies!C:C=Projections!W28)*(Goalies!A:A=Projections!$Q$4), Goalies!D:D)} -> Mackenzie Blackwood | R28: {=_xlfn.XLOOKUP(1, (Goalies!C:C=Projections!W28)*(Goalies!A:A=Projections!$R$4), Goalies!D:D)} -> Scott Wedgewood | S28: 1 | T28: =IFERROR(L28*S27+(1-S27)*N28,0) -> 4.128402 | W28: =F28 -> COL | X28: ='2026'!BJ26 -> -322 | Y28: ='2026'!BK26 -> 165 | Z28: ='2026'!BL26 -> 133 | AA28: ='2026'!BM26 -> 100
A29: =IF(D29=0,"0",(_xlfn.XLOOKUP(B29,'2026'!A:A,'2026'!C:C))) -> 46045 | B29: 2025020806 WSH | C29: 2025020806 | D29: =_xlfn.XLOOKUP(B29,'2026'!A:A,'2026'!AT:AT) -> 3.1411337 | E29: =_xlfn.XLOOKUP(B29,'2026'!A:A,'2026'!Z:Z) -> 1 | F29: =_xlfn.XLOOKUP(B29,'2026'!A:A,'2026'!E:E) -> WSH | G29: =D29/E30 -> 3.1889683 | H29: =SUMIFS(Goalies!$J:$J,Goalies!$C:$C,Projections!$F29,Goalies!$A:$A,Projections!H$2) -> 0.975 | I29: =SUMIFS(Goalies!$J:$J,Goalies!$C:$C,Projections!$F29,Goalies!$A:$A,Projections!I$2) -> 0.975 | J29: =SUMIFS(Goalies!$J:$J,Goalies!$C:$C,Projections!$F29,Goalies!$A:$A,Projections!J$2) -> 1.04 | K29: =SUMIFS(Goalies!$J:$J,Goalies!$C:$C,Projections!$F29,Goalies!$A:$A,Projections!K$2) -> 1.04 | L29: =IFERROR($G29*H30,0) -> 3.1411337 | M29: =IFERROR($G29*I30,0) -> 3.2527476 | N29: =IFERROR($G29*J30,0) -> 3.1411337 | O29: =IFERROR($G29*K30,0) -> 3.2527476 | P29: =_xlfn.XLOOKUP(B29,'2026'!A:A,'2026'!AS:AS) -> Neutral | Q29: {=_xlfn.XLOOKUP(1, (Goalies!C:C=Projections!W29)*(Goalies!A:A=Projections!$Q$4), Goalies!D:D)} -> Logan Thompson | R29: {=_xlfn.XLOOKUP(1, (Goalies!C:C=Projections!W29)*(Goalies!A:A=Projections!$R$4), Goalies!D:D)} -> Charlie Lindgren | S29: 1 | T29: =IFERROR(L29*S28+(1-S28)*N29,0) -> 3.1411337 | W29: =F29 -> WSH | X29: ='2026'!BJ27 -> -131 | Y29: ='2026'!BK27 -> -120 | Z29: ='2026'!BL27 -> 105 | AA29: ='2026'!BM27 -> 132
A30: =IF(D30=0,"0",(_xlfn.XLOOKUP(B30,'2026'!A:A,'2026'!C:C))) -> 46045 | B30: 2025020806 CGY | C30: 2025020806 | D30: =_xlfn.XLOOKUP(B30,'2026'!A:A,'2026'!AT:AT) -> 2.8246762 | E30: =_xlfn.XLOOKUP(B30,'2026'!A:A,'2026'!Z:Z) -> 0.985 | F30: =_xlfn.XLOOKUP(B30,'2026'!A:A,'2026'!E:E) -> CGY | G30: =D30/E29 -> 2.8246762 | H30: =SUMIFS(Goalies!$J:$J,Goalies!$C:$C,Projections!$F30,Goalies!$A:$A,Projections!H$4) -> 0.985 | I30: =SUMIFS(Goalies!$J:$J,Goalies!$C:$C,Projections!$F30,Goalies!$A:$A,Projections!I$4) -> 1.02 | J30: =SUMIFS(Goalies!$J:$J,Goalies!$C:$C,Projections!$F30,Goalies!$A:$A,Projections!J$4) -> 0.985 | K30: =SUMIFS(Goalies!$J:$J,Goalies!$C:$C,Projections!$F30,Goalies!$A:$A,Projections!K$4) -> 1.02 | L30: =IFERROR($G30*H29,0) -> 2.7540593 | M30: =IFERROR($G30*I29,0) -> 2.7540593 | N30: =IFERROR($G30*J29,0) -> 2.9376633 | O30: =IFERROR($G30*K29,0) -> 2.9376633 | P30: =_xlfn.XLOOKUP(B30,'2026'!A:A,'2026'!AS:AS) -> Neutral | Q30: {=_xlfn.XLOOKUP(1, (Goalies!C:C=Projections!W30)*(Goalies!A:A=Projections!$Q$4), Goalies!D:D)} -> Dustin Wolf | R30: {=_xlfn.XLOOKUP(1, (Goalies!C:C=Projections!W30)*(Goalies!A:A=Projections!$R$4), Goalies!D:D)} -> Devin Cooley | S30: 1 | T30: =IFERROR(L30*S29+(1-S29)*N30,0) -> 2.7540593 | W30: =F30 -> CGY | X30: ='2026'!BJ28 -> 131 | Y30: ='2026'!BK28 -> 120 | Z30: ='2026'!BL28 -> -105 | AA30: ='2026'!BM28 -> -132
A31: =IF(D31=0,"0",(_xlfn.XLOOKUP(B31,'2026'!A:A,'2026'!C:C))) -> 46045 | B31: 2025020809 ANA | C31: 2025020809 | D31: =_xlfn.XLOOKUP(B31,'2026'!A:A,'2026'!AT:AT) -> 3.0174082 | E31: =_xlfn.XLOOKUP(B31,'2026'!A:A,'2026'!Z:Z) -> 0.97 | F31: =_xlfn.XLOOKUP(B31,'2026'!A:A,'2026'!E:E) -> ANA | G31: =D31/E32 -> 3.0174082 | H31: =SUMIFS(Goalies!$J:$J,Goalies!$C:$C,Projections!$F31,Goalies!$A:$A,Projections!H$2) -> 0.97 | I31: =SUMIFS(Goalies!$J:$J,Goalies!$C:$C,Projections!$F31,Goalies!$A:$A,Projections!I$2) -> 0.97 | J31: =SUMIFS(Goalies!$J:$J,Goalies!$C:$C,Projections!$F31,Goalies!$A:$A,Projections!J$2) -> 2.085 | K31: =SUMIFS(Goalies!$J:$J,Goalies!$C:$C,Projections!$F31,Goalies!$A:$A,Projections!K$2) -> 2.085 | L31: =IFERROR($G31*H32,0) -> 3.0174082 | M31: =IFERROR($G31*I32,0) -> 3.0174082 | N31: =IFERROR($G31*J32,0) -> 3.0174082 | O31: =IFERROR($G31*K32,0) -> 3.0174082 | P31: =_xlfn.XLOOKUP(B31,'2026'!A:A,'2026'!AS:AS) -> Neutral | Q31: {=_xlfn.XLOOKUP(1, (Goalies!C:C=Projections!W31)*(Goalies!A:A=Projections!$Q$4), Goalies!D:D)} -> Lukas Dostal | R31: {=_xlfn.XLOOKUP(1, (Goalies!C:C=Projections!W31)*(Goalies!A:A=Projections!$R$4), Goalies!D:D)} -> Petr Mrazek | S31: 0 | T31: =IFERROR(L31*S32+(1-S32)*M31,0) -> 3.0174082 | W31: =F31 -> ANA | X31: ='2026'!BJ29 -> #N/A | Y31: ='2026'!BK29 -> #N/A | Z31: ='2026'!BL29 -> #N/A | AA31: ='2026'!BM29 -> #N/A
A32: =IF(D32=0,"0",(_xlfn.XLOOKUP(B32,'2026'!A:A,'2026'!C:C))) -> 46045 | B32: 2025020809 SEA | C32: 2025020809 | D32: =_xlfn.XLOOKUP(B32,'2026'!A:A,'2026'!AT:AT) -> 3.0130659 | E32: =_xlfn.XLOOKUP(B32,'2026'!A:A,'2026'!Z:Z) -> 1 | F32: =_xlfn.XLOOKUP(B32,'2026'!A:A,'2026'!E:E) -> SEA | G32: =D32/E31 -> 3.1062536 | H32: =SUMIFS(Goalies!$J:$J,Goalies!$C:$C,Projections!$F32,Goalies!$A:$A,Projections!H$4) -> 1 | I32: =SUMIFS(Goalies!$J:$J,Goalies!$C:$C,Projections!$F32,Goalies!$A:$A,Projections!I$4) -> 1 | J32: =SUMIFS(Goalies!$J:$J,Goalies!$C:$C,Projections!$F32,Goalies!$A:$A,Projections!J$4) -> 1 | K32: =SUMIFS(Goalies!$J:$J,Goalies!$C:$C,Projections!$F32,Goalies!$A:$A,Projections!K$4) -> 1 | L32: =IFERROR($G32*H31,0) -> 3.0130659 | M32: =IFERROR($G32*I31,0) -> 3.0130659 | N32: =IFERROR($G32*J31,0) -> 6.4765387 | O32: =IFERROR($G32*K31,0) -> 6.4765387 | P32: =_xlfn.XLOOKUP(B32,'2026'!A:A,'2026'!AS:AS) -> Neutral | Q32: {=_xlfn.XLOOKUP(1, (Goalies!C:C=Projections!W32)*(Goalies!A:A=Projections!$Q$4), Goalies!D:D)} -> Joey Daccord | R32: {=_xlfn.XLOOKUP(1, (Goalies!C:C=Projections!W32)*(Goalies!A:A=Projections!$R$4), Goalies!D:D)} -> Philipp Grubauer | S32: 1 | T32: =IFERROR(L32*S31+(1-S31)*N32,0) -> 6.4765387 | W32: =F32 -> SEA | X32: ='2026'!BJ30 -> #N/A | Y32: ='2026'!BK30 -> #N/A | Z32: ='2026'!BL30 -> #N/A | AA32: ='2026'!BM30 -> #N/A
A33: =IF(D33=0,"0",(_xlfn.XLOOKUP(B33,'2026'!A:A,'2026'!C:C))) -> 46045 | B33: 2025020807 NJD | C33: 2025020807 | D33: =_xlfn.XLOOKUP(B33,'2026'!A:A,'2026'!AT:AT) -> 3.287251 | E33: =_xlfn.XLOOKUP(B33,'2026'!A:A,'2026'!Z:Z) -> 1.02 | F33: =_xlfn.XLOOKUP(B33,'2026'!A:A,'2026'!E:E) -> NJD | G33: =D33/E34 -> 3.1915058 | H33: =SUMIFS(Goalies!$J:$J,Goalies!$C:$C,Projections!$F33,Goalies!$A:$A,Projections!H$2) -> 1.02 | I33: =SUMIFS(Goalies!$J:$J,Goalies!$C:$C,Projections!$F33,Goalies!$A:$A,Projections!I$2) -> 1.02 | J33: =SUMIFS(Goalies!$J:$J,Goalies!$C:$C,Projections!$F33,Goalies!$A:$A,Projections!J$2) -> 0.99 | K33: =SUMIFS(Goalies!$J:$J,Goalies!$C:$C,Projections!$F33,Goalies!$A:$A,Projections!K$2) -> 0.99 | L33: =IFERROR($G33*H34,0) -> 3.1117181 | M33: =IFERROR($G33*I34,0) -> 6.7340772 | N33: =IFERROR($G33*J34,0) -> 3.1117181 | O33: =IFERROR($G33*K34,0) -> 6.7340772 | P33: =_xlfn.XLOOKUP(B33,'2026'!A:A,'2026'!AS:AS) -> Neutral | Q33: {=_xlfn.XLOOKUP(1, (Goalies!C:C=Projections!W33)*(Goalies!A:A=Projections!$Q$4), Goalies!D:D)} -> Jacob Markstrom | R33: {=_xlfn.XLOOKUP(1, (Goalies!C:C=Projections!W33)*(Goalies!A:A=Projections!$R$4), Goalies!D:D)} -> Jake Allen | S33: 0 | T33: =IFERROR(L33*S34+(1-S34)*M33,0) -> 3.1117181 | W33: =F33 -> NJD | X33: ='2026'!BJ31 -> -132 | Y33: ='2026'!BK31 -> -113 | Z33: ='2026'!BL31 -> 113 | AA33: ='2026'!BM31 -> 140
A34: =IF(D34=0,"0",(_xlfn.XLOOKUP(B34,'2026'!A:A,'2026'!C:C))) -> 46045 | B34: 2025020807 VAN | C34: 2025020807 | D34: =_xlfn.XLOOKUP(B34,'2026'!A:A,'2026'!AT:AT) -> 2.7718804 | E34: =_xlfn.XLOOKUP(B34,'2026'!A:A,'2026'!Z:Z) -> 1.03 | F34: =_xlfn.XLOOKUP(B34,'2026'!A:A,'2026'!E:E) -> VAN | G34: =D34/E33 -> 2.7175298 | H34: =SUMIFS(Goalies!$J:$J,Goalies!$C:$C,Projections!$F34,Goalies!$A:$A,Projections!H$4) -> 0.975 | I34: =SUMIFS(Goalies!$J:$J,Goalies!$C:$C,Projections!$F34,Goalies!$A:$A,Projections!I$4) -> 2.11 | J34: =SUMIFS(Goalies!$J:$J,Goalies!$C:$C,Projections!$F34,Goalies!$A:$A,Projections!J$4) -> 0.975 | K34: =SUMIFS(Goalies!$J:$J,Goalies!$C:$C,Projections!$F34,Goalies!$A:$A,Projections!K$4) -> 2.11 | L34: =IFERROR($G34*H33,0) -> 2.7718804 | M34: =IFERROR($G34*I33,0) -> 2.7718804 | N34: =IFERROR($G34*J33,0) -> 2.6903545 | O34: =IFERROR($G34*K33,0) -> 2.6903545 | P34: =_xlfn.XLOOKUP(B34,'2026'!A:A,'2026'!AS:AS) -> Neutral | Q34: {=_xlfn.XLOOKUP(1, (Goalies!C:C=Projections!W34)*(Goalies!A:A=Projections!$Q$4), Goalies!D:D)} -> Thatcher Demko | R34: {=_xlfn.XLOOKUP(1, (Goalies!C:C=Projections!W34)*(Goalies!A:A=Projections!$R$4), Goalies!D:D)} -> Kevin Lankinen | S34: 1 | T34: =IFERROR(L34*S33+(1-S33)*N34,0) -> 2.6903545 | W34: =F34 -> VAN | X34: ='2026'!BJ32 -> 132 | Y34: ='2026'!BK32 -> 113 | Z34: ='2026'!BL32 -> -113 | AA34: ='2026'!BM32 -> -140
A35: =IF(D35=0,"0",(_xlfn.XLOOKUP(B35,'2026'!A:A,'2026'!C:C))) -> 46045 | B35: 2025020808 NYR | C35: 2025020808 | D35: =_xlfn.XLOOKUP(B35,'2026'!A:A,'2026'!AT:AT) -> 2.9671483 | E35: =_xlfn.XLOOKUP(B35,'2026'!A:A,'2026'!Z:Z) -> 1.05 | F35: =_xlfn.XLOOKUP(B35,'2026'!A:A,'2026'!E:E) -> NYR | G35: =D35/E36 -> 3.0277024 | H35: =SUMIFS(Goalies!$J:$J,Goalies!$C:$C,Projections!$F35,Goalies!$A:$A,Projections!H$2) -> 0.97 | I35: =SUMIFS(Goalies!$J:$J,Goalies!$C:$C,Projections!$F35,Goalies!$A:$A,Projections!I$2) -> 0.97 | J35: =SUMIFS(Goalies!$J:$J,Goalies!$C:$C,Projections!$F35,Goalies!$A:$A,Projections!J$2) -> 1.05 | K35: =SUMIFS(Goalies!$J:$J,Goalies!$C:$C,Projections!$F35,Goalies!$A:$A,Projections!K$2) -> 1.05 | L35: =IFERROR($G35*H36,0) -> 3.1185334 | M35: =IFERROR($G35*I36,0) -> 2.9671483 | N35: =IFERROR($G35*J36,0) -> 3.1185334 | O35: =IFERROR($G35*K36,0) -> 2.9671483 | P35: =_xlfn.XLOOKUP(B35,'2026'!A:A,'2026'!AS:AS) -> Neutral | Q35: {=_xlfn.XLOOKUP(1, (Goalies!C:C=Projections!W35)*(Goalies!A:A=Projections!$Q$4), Goalies!D:D)} -> Igor Shesterkin | R35: {=_xlfn.XLOOKUP(1, (Goalies!C:C=Projections!W35)*(Goalies!A:A=Projections!$R$4), Goalies!D:D)} -> Jonathan Quick | S35: 1 | T35: =IFERROR(L35*S36+(1-S36)*M35,0) -> 3.1185334 | W35: =F35 -> NYR | X35: ='2026'!BJ33 -> -106 | Y35: ='2026'!BK33 -> -144 | Z35: ='2026'!BL33 -> -117 | AA35: ='2026'!BM33 -> 109
A36: =IF(D36=0,"0",(_xlfn.XLOOKUP(B36,'2026'!A:A,'2026'!C:C))) -> 46045 | B36: 2025020808 SJS | C36: 2025020808 | D36: =_xlfn.XLOOKUP(B36,'2026'!A:A,'2026'!AT:AT) -> 3.3155182 | E36: =_xlfn.XLOOKUP(B36,'2026'!A:A,'2026'!Z:Z) -> 0.98 | F36: =_xlfn.XLOOKUP(B36,'2026'!A:A,'2026'!E:E) -> SJS | G36: =D36/E35 -> 3.1576364 | H36: =SUMIFS(Goalies!$J:$J,Goalies!$C:$C,Projections!$F36,Goalies!$A:$A,Projections!H$4) -> 1.03 | I36: =SUMIFS(Goalies!$J:$J,Goalies!$C:$C,Projections!$F36,Goalies!$A:$A,Projections!I$4) -> 0.98 | J36: =SUMIFS(Goalies!$J:$J,Goalies!$C:$C,Projections!$F36,Goalies!$A:$A,Projections!J$4) -> 1.03 | K36: =SUMIFS(Goalies!$J:$J,Goalies!$C:$C,Projections!$F36,Goalies!$A:$A,Projections!K$4) -> 0.98 | L36: =IFERROR($G36*H35,0) -> 3.0629073 | M36: =IFERROR($G36*I35,0) -> 3.0629073 | N36: =IFERROR($G36*J35,0) -> 3.3155182 | O36: =IFERROR($G36*K35,0) -> 3.3155182 | P36: =_xlfn.XLOOKUP(B36,'2026'!A:A,'2026'!AS:AS) -> Neutral | Q36: {=_xlfn.XLOOKUP(1, (Goalies!C:C=Projections!W36)*(Goalies!A:A=Projections!$Q$4), Goalies!D:D)} -> Alex Nedeljkovic | R36: {=_xlfn.XLOOKUP(1, (Goalies!C:C=Projections!W36)*(Goalies!A:A=Projections!$R$4), Goalies!D:D)} -> Yaroslav Askarov | S36: 1 | T36: =IFERROR(L36*S35+(1-S35)*N36,0) -> 3.0629073 | W36: =F36 -> SJS | X36: ='2026'!BJ34 -> 106 | Y36: ='2026'!BK34 -> 144 | Z36: ='2026'!BL34 -> 117 | AA36: ='2026'!BM34 -> -109
A37: =IF(D37=0,"0",(_xlfn.XLOOKUP(B37,'2026'!A:A,'2026'!C:C))) -> 0 | D37: =_xlfn.XLOOKUP(B37,'2026'!A:A,'2026'!AT:AT) -> 0 | E37: =_xlfn.XLOOKUP(B37,'2026'!A:A,'2026'!Z:Z) -> 0 | F37: =_xlfn.XLOOKUP(B37,'2026'!A:A,'2026'!E:E) -> 0 | G37: =D37/E38 -> #DIV/0! | H37: =SUMIFS(Goalies!$J:$J,Goalies!$C:$C,Projections!$F37,Goalies!$A:$A,Projections!H$2) -> 0 | I37: =SUMIFS(Goalies!$J:$J,Goalies!$C:$C,Projections!$F37,Goalies!$A:$A,Projections!I$2) -> 0 | J37: =SUMIFS(Goalies!$J:$J,Goalies!$C:$C,Projections!$F37,Goalies!$A:$A,Projections!J$2) -> 0 | K37: =SUMIFS(Goalies!$J:$J,Goalies!$C:$C,Projections!$F37,Goalies!$A:$A,Projections!K$2) -> 0 | L37: =IFERROR($G37*H38,0) -> 0 | M37: =IFERROR($G37*I38,0) -> 0 | N37: =IFERROR($G37*J38,0) -> 0 | O37: =IFERROR($G37*K38,0) -> 0 | P37: =_xlfn.XLOOKUP(B37,'2026'!A:A,'2026'!AS:AS) -> 0 | Q37: {=_xlfn.XLOOKUP(1, (Goalies!C:C=Projections!W37)*(Goalies!A:A=Projections!$Q$4), Goalies!D:D)} -> #N/A | R37: {=_xlfn.XLOOKUP(1, (Goalies!C:C=Projections!W37)*(Goalies!A:A=Projections!$R$4), Goalies!D:D)} -> #N/A | S37: 1 | T37: =IFERROR(L37*S38+(1-S38)*M37,0) -> 0 | W37: =F37 -> 0 | X37: ='2026'!BJ35 -> #N/A | Y37: ='2026'!BK35 -> #N/A | Z37: ='2026'!BL35 -> #N/A | AA37: ='2026'!BM35 -> #N/A
A38: =IF(D38=0,"0",(_xlfn.XLOOKUP(B38,'2026'!A:A,'2026'!C:C))) -> 0 | D38: =_xlfn.XLOOKUP(B38,'2026'!A:A,'2026'!AT:AT) -> 0 | E38: =_xlfn.XLOOKUP(B38,'2026'!A:A,'2026'!Z:Z) -> 0 | F38: =_xlfn.XLOOKUP(B38,'2026'!A:A,'2026'!E:E) -> 0 | G38: =D38/E37 -> #DIV/0! | H38: =SUMIFS(Goalies!$J:$J,Goalies!$C:$C,Projections!$F38,Goalies!$A:$A,Projections!H$4) -> 0 | I38: =SUMIFS(Goalies!$J:$J,Goalies!$C:$C,Projections!$F38,Goalies!$A:$A,Projections!I$4) -> 0 | J38: =SUMIFS(Goalies!$J:$J,Goalies!$C:$C,Projections!$F38,Goalies!$A:$A,Projections!J$4) -> 0 | K38: =SUMIFS(Goalies!$J:$J,Goalies!$C:$C,Projections!$F38,Goalies!$A:$A,Projections!K$4) -> 0 | L38: =IFERROR($G38*H37,0) -> 0 | M38: =IFERROR($G38*I37,0) -> 0 | N38: =IFERROR($G38*J37,0) -> 0 | O38: =IFERROR($G38*K37,0) -> 0 | P38: =_xlfn.XLOOKUP(B38,'2026'!A:A,'2026'!AS:AS) -> 0 | Q38: {=_xlfn.XLOOKUP(1, (Goalies!C:C=Projections!W38)*(Goalies!A:A=Projections!$Q$4), Goalies!D:D)} -> #N/A | R38: {=_xlfn.XLOOKUP(1, (Goalies!C:C=Projections!W38)*(Goalies!A:A=Projections!$R$4), Goalies!D:D)} -> #N/A | S38: 1 | T38: =IFERROR(L38*S37+(1-S37)*N38,0) -> 0 | W38: =F38 -> 0 | X38: ='2026'!BJ36 -> #N/A | Y38: ='2026'!BK36 -> #N/A | Z38: ='2026'!BL36 -> #N/A | AA38: ='2026'!BM36 -> #N/A
A39: =IF(D39=0,"0",(_xlfn.XLOOKUP(B39,'2026'!A:A,'2026'!C:C))) -> 0 | D39: =_xlfn.XLOOKUP(B39,'2026'!A:A,'2026'!AT:AT) -> 0 | E39: =_xlfn.XLOOKUP(B39,'2026'!A:A,'2026'!Z:Z) -> 0 | F39: =_xlfn.XLOOKUP(B39,'2026'!A:A,'2026'!E:E) -> 0 | G39: =D39/E40 -> #DIV/0! | H39: =SUMIFS(Goalies!$J:$J,Goalies!$C:$C,Projections!$F39,Goalies!$A:$A,Projections!H$2) -> 0 | I39: =SUMIFS(Goalies!$J:$J,Goalies!$C:$C,Projections!$F39,Goalies!$A:$A,Projections!I$2) -> 0 | J39: =SUMIFS(Goalies!$J:$J,Goalies!$C:$C,Projections!$F39,Goalies!$A:$A,Projections!J$2) -> 0 | K39: =SUMIFS(Goalies!$J:$J,Goalies!$C:$C,Projections!$F39,Goalies!$A:$A,Projections!K$2) -> 0 | L39: =IFERROR($G39*H40,0) -> 0 | M39: =IFERROR($G39*I40,0) -> 0 | N39: =IFERROR($G39*J40,0) -> 0 | O39: =IFERROR($G39*K40,0) -> 0 | P39: =_xlfn.XLOOKUP(B39,'2026'!A:A,'2026'!AS:AS) -> 0 | Q39: {=_xlfn.XLOOKUP(1, (Goalies!C:C=Projections!W39)*(Goalies!A:A=Projections!$Q$4), Goalies!D:D)} -> #N/A | R39: {=_xlfn.XLOOKUP(1, (Goalies!C:C=Projections!W39)*(Goalies!A:A=Projections!$R$4), Goalies!D:D)} -> #N/A | S39: 0.7 | T39: =IFERROR(L39*S40+(1-S40)*M39,0) -> 0 | W39: =F39 -> 0 | X39: ='2026'!BJ37 -> #N/A | Y39: ='2026'!BK37 -> #N/A | Z39: ='2026'!BL37 -> #N/A | AA39: ='2026'!BM37 -> #N/A
A40: =IF(D40=0,"0",(_xlfn.XLOOKUP(B40,'2026'!A:A,'2026'!C:C))) -> 0 | D40: =_xlfn.XLOOKUP(B40,'2026'!A:A,'2026'!AT:AT) -> 0 | E40: =_xlfn.XLOOKUP(B40,'2026'!A:A,'2026'!Z:Z) -> 0 | F40: =_xlfn.XLOOKUP(B40,'2026'!A:A,'2026'!E:E) -> 0 | G40: =D40/E39 -> #DIV/0! | H40: =SUMIFS(Goalies!$J:$J,Goalies!$C:$C,Projections!$F40,Goalies!$A:$A,Projections!H$4) -> 0 | I40: =SUMIFS(Goalies!$J:$J,Goalies!$C:$C,Projections!$F40,Goalies!$A:$A,Projections!I$4) -> 0 | J40: =SUMIFS(Goalies!$J:$J,Goalies!$C:$C,Projections!$F40,Goalies!$A:$A,Projections!J$4) -> 0 | K40: =SUMIFS(Goalies!$J:$J,Goalies!$C:$C,Projections!$F40,Goalies!$A:$A,Projections!K$4) -> 0 | L40: =IFERROR($G40*H39,0) -> 0 | M40: =IFERROR($G40*I39,0) -> 0 | N40: =IFERROR($G40*J39,0) -> 0 | O40: =IFERROR($G40*K39,0) -> 0 | P40: =_xlfn.XLOOKUP(B40,'2026'!A:A,'2026'!AS:AS) -> 0 | Q40: {=_xlfn.XLOOKUP(1, (Goalies!C:C=Projections!W40)*(Goalies!A:A=Projections!$Q$4), Goalies!D:D)} -> #N/A | R40: {=_xlfn.XLOOKUP(1, (Goalies!C:C=Projections!W40)*(Goalies!A:A=Projections!$R$4), Goalies!D:D)} -> #N/A | S40: 1 | T40: =IFERROR(L40*S39+(1-S39)*N40,0) -> 0 | W40: =F40 -> 0 | X40: ='2026'!BJ38 -> #N/A | Y40: ='2026'!BK38 -> #N/A | Z40: ='2026'!BL38 -> #N/A | AA40: ='2026'!BM38 -> #N/A
A41: =IF(D41=0,"0",(_xlfn.XLOOKUP(B41,'2026'!A:A,'2026'!C:C))) -> 0 | D41: =_xlfn.XLOOKUP(B41,'2026'!A:A,'2026'!AT:AT) -> 0 | E41: =_xlfn.XLOOKUP(B41,'2026'!A:A,'2026'!Z:Z) -> 0 | F41: =_xlfn.XLOOKUP(B41,'2026'!A:A,'2026'!E:E) -> 0 | G41: =D41/E42 -> #DIV/0! | H41: =SUMIFS(Goalies!$J:$J,Goalies!$C:$C,Projections!$F41,Goalies!$A:$A,Projections!H$2) -> 0 | I41: =SUMIFS(Goalies!$J:$J,Goalies!$C:$C,Projections!$F41,Goalies!$A:$A,Projections!I$2) -> 0 | J41: =SUMIFS(Goalies!$J:$J,Goalies!$C:$C,Projections!$F41,Goalies!$A:$A,Projections!J$2) -> 0 | K41: =SUMIFS(Goalies!$J:$J,Goalies!$C:$C,Projections!$F41,Goalies!$A:$A,Projections!K$2) -> 0 | L41: =IFERROR($G41*H42,0) -> 0 | M41: =IFERROR($G41*I42,0) -> 0 | N41: =IFERROR($G41*J42,0) -> 0 | O41: =IFERROR($G41*K42,0) -> 0 | P41: =_xlfn.XLOOKUP(B41,'2026'!A:A,'2026'!AS:AS) -> 0 | Q41: {=_xlfn.XLOOKUP(1, (Goalies!C:C=Projections!W41)*(Goalies!A:A=Projections!$Q$4), Goalies!D:D)} -> #N/A | R41: {=_xlfn.XLOOKUP(1, (Goalies!C:C=Projections!W41)*(Goalies!A:A=Projections!$R$4), Goalies!D:D)} -> #N/A | S41: 1 | T41: =IFERROR(L41*S42+(1-S42)*M41,0) -> 0 | W41: =F41 -> 0 | X41: ='2026'!BJ39 -> #N/A | Y41: ='2026'!BK39 -> #N/A | Z41: ='2026'!BL39 -> #N/A | AA41: ='2026'!BM39 -> #N/A
A42: =IF(D42=0,"0",(_xlfn.XLOOKUP(B42,'2026'!A:A,'2026'!C:C))) -> 0 | D42: =_xlfn.XLOOKUP(B42,'2026'!A:A,'2026'!AT:AT) -> 0 | E42: =_xlfn.XLOOKUP(B42,'2026'!A:A,'2026'!Z:Z) -> 0 | F42: =_xlfn.XLOOKUP(B42,'2026'!A:A,'2026'!E:E) -> 0 | G42: =D42/E41 -> #DIV/0! | H42: =SUMIFS(Goalies!$J:$J,Goalies!$C:$C,Projections!$F42,Goalies!$A:$A,Projections!H$4) -> 0 | I42: =SUMIFS(Goalies!$J:$J,Goalies!$C:$C,Projections!$F42,Goalies!$A:$A,Projections!I$4) -> 0 | J42: =SUMIFS(Goalies!$J:$J,Goalies!$C:$C,Projections!$F42,Goalies!$A:$A,Projections!J$4) -> 0 | K42: =SUMIFS(Goalies!$J:$J,Goalies!$C:$C,Projections!$F42,Goalies!$A:$A,Projections!K$4) -> 0 | L42: =IFERROR($G42*H41,0) -> 0 | M42: =IFERROR($G42*I41,0) -> 0 | N42: =IFERROR($G42*J41,0) -> 0 | O42: =IFERROR($G42*K41,0) -> 0 | P42: =_xlfn.XLOOKUP(B42,'2026'!A:A,'2026'!AS:AS) -> 0 | Q42: {=_xlfn.XLOOKUP(1, (Goalies!C:C=Projections!W42)*(Goalies!A:A=Projections!$Q$4), Goalies!D:D)} -> #N/A | R42: {=_xlfn.XLOOKUP(1, (Goalies!C:C=Projections!W42)*(Goalies!A:A=Projections!$R$4), Goalies!D:D)} -> #N/A | S42: 1 | T42: =IFERROR(L42*S41+(1-S41)*N42,0) -> 0 | W42: =F42 -> 0 | X42: ='2026'!BJ40 -> #N/A | Y42: ='2026'!BK40 -> #N/A | Z42: ='2026'!BL40 -> #N/A | AA42: ='2026'!BM40 -> #N/A
A43: =IF(D43=0,"0",(_xlfn.XLOOKUP(B43,'2026'!A:A,'2026'!C:C))) -> 0 | D43: =_xlfn.XLOOKUP(B43,'2026'!A:A,'2026'!AT:AT) -> 0 | E43: =_xlfn.XLOOKUP(B43,'2026'!A:A,'2026'!Z:Z) -> 0 | F43: =_xlfn.XLOOKUP(B43,'2026'!A:A,'2026'!E:E) -> 0 | G43: =D43/E44 -> #DIV/0! | H43: =SUMIFS(Goalies!$J:$J,Goalies!$C:$C,Projections!$F43,Goalies!$A:$A,Projections!H$2) -> 0 | I43: =SUMIFS(Goalies!$J:$J,Goalies!$C:$C,Projections!$F43,Goalies!$A:$A,Projections!I$2) -> 0 | J43: =SUMIFS(Goalies!$J:$J,Goalies!$C:$C,Projections!$F43,Goalies!$A:$A,Projections!J$2) -> 0 | K43: =SUMIFS(Goalies!$J:$J,Goalies!$C:$C,Projections!$F43,Goalies!$A:$A,Projections!K$2) -> 0 | L43: =IFERROR($G43*H44,0) -> 0 | M43: =IFERROR($G43*I44,0) -> 0 | N43: =IFERROR($G43*J44,0) -> 0 | O43: =IFERROR($G43*K44,0) -> 0 | P43: =_xlfn.XLOOKUP(B43,'2026'!A:A,'2026'!AS:AS) -> 0 | Q43: {=_xlfn.XLOOKUP(1, (Goalies!C:C=Projections!W43)*(Goalies!A:A=Projections!$Q$4), Goalies!D:D)} -> #N/A | R43: {=_xlfn.XLOOKUP(1, (Goalies!C:C=Projections!W43)*(Goalies!A:A=Projections!$R$4), Goalies!D:D)} -> #N/A | S43: 1 | T43: =IFERROR(L43*S44+(1-S44)*M43,0) -> 0 | W43: =F43 -> 0 | X43: ='2026'!BJ41 -> #N/A | Y43: ='2026'!BK41 -> #N/A | Z43: ='2026'!BL41 -> #N/A | AA43: ='2026'!BM41 -> #N/A
A44: =IF(D44=0,"0",(_xlfn.XLOOKUP(B44,'2026'!A:A,'2026'!C:C))) -> 0 | D44: =_xlfn.XLOOKUP(B44,'2026'!A:A,'2026'!AT:AT) -> 0 | E44: =_xlfn.XLOOKUP(B44,'2026'!A:A,'2026'!Z:Z) -> 0 | F44: =_xlfn.XLOOKUP(B44,'2026'!A:A,'2026'!E:E) -> 0 | G44: =D44/E43 -> #DIV/0! | H44: =SUMIFS(Goalies!$J:$J,Goalies!$C:$C,Projections!$F44,Goalies!$A:$A,Projections!H$4) -> 0 | I44: =SUMIFS(Goalies!$J:$J,Goalies!$C:$C,Projections!$F44,Goalies!$A:$A,Projections!I$4) -> 0 | J44: =SUMIFS(Goalies!$J:$J,Goalies!$C:$C,Projections!$F44,Goalies!$A:$A,Projections!J$4) -> 0 | K44: =SUMIFS(Goalies!$J:$J,Goalies!$C:$C,Projections!$F44,Goalies!$A:$A,Projections!K$4) -> 0 | L44: =IFERROR($G44*H43,0) -> 0 | M44: =IFERROR($G44*I43,0) -> 0 | N44: =IFERROR($G44*J43,0) -> 0 | O44: =IFERROR($G44*K43,0) -> 0 | P44: =_xlfn.XLOOKUP(B44,'2026'!A:A,'2026'!AS:AS) -> 0 | Q44: {=_xlfn.XLOOKUP(1, (Goalies!C:C=Projections!W44)*(Goalies!A:A=Projections!$Q$4), Goalies!D:D)} -> #N/A | R44: {=_xlfn.XLOOKUP(1, (Goalies!C:C=Projections!W44)*(Goalies!A:A=Projections!$R$4), Goalies!D:D)} -> #N/A | S44: 1 | T44: =IFERROR(L44*S43+(1-S43)*N44,0) -> 0 | W44: =F44 -> 0 | X44: ='2026'!BJ42 -> #N/A | Y44: ='2026'!BK42 -> #N/A | Z44: ='2026'!BL42 -> #N/A | AA44: ='2026'!BM42 -> #N/A
A45: =IF(D45=0,"0",(_xlfn.XLOOKUP(B45,'2026'!A:A,'2026'!C:C))) -> 0 | D45: =_xlfn.XLOOKUP(B45,'2026'!A:A,'2026'!AT:AT) -> 0 | E45: =_xlfn.XLOOKUP(B45,'2026'!A:A,'2026'!Z:Z) -> 0 | F45: =_xlfn.XLOOKUP(B45,'2026'!A:A,'2026'!E:E) -> 0 | G45: =D45/E46 -> #DIV/0! | H45: =SUMIFS(Goalies!$J:$J,Goalies!$C:$C,Projections!$F45,Goalies!$A:$A,Projections!H$2) -> 0 | I45: =SUMIFS(Goalies!$J:$J,Goalies!$C:$C,Projections!$F45,Goalies!$A:$A,Projections!I$2) -> 0 | J45: =SUMIFS(Goalies!$J:$J,Goalies!$C:$C,Projections!$F45,Goalies!$A:$A,Projections!J$2) -> 0 | K45: =SUMIFS(Goalies!$J:$J,Goalies!$C:$C,Projections!$F45,Goalies!$A:$A,Projections!K$2) -> 0 | L45: =IFERROR($G45*H46,0) -> 0 | M45: =IFERROR($G45*I46,0) -> 0 | N45: =IFERROR($G45*J46,0) -> 0 | O45: =IFERROR($G45*K46,0) -> 0 | P45: =_xlfn.XLOOKUP(B45,'2026'!A:A,'2026'!AS:AS) -> 0 | Q45: {=_xlfn.XLOOKUP(1, (Goalies!C:C=Projections!W45)*(Goalies!A:A=Projections!$Q$4), Goalies!D:D)} -> #N/A | R45: {=_xlfn.XLOOKUP(1, (Goalies!C:C=Projections!W45)*(Goalies!A:A=Projections!$R$4), Goalies!D:D)} -> #N/A | S45: 1 | T45: =IFERROR(L45*S46+(1-S46)*M45,0) -> 0 | W45: =F45 -> 0 | X45: ='2026'!BJ43 -> #N/A | Y45: ='2026'!BK43 -> #N/A | Z45: ='2026'!BL43 -> #N/A | AA45: ='2026'!BM43 -> #N/A
A46: =IF(D46=0,"0",(_xlfn.XLOOKUP(B46,'2026'!A:A,'2026'!C:C))) -> 0 | D46: =_xlfn.XLOOKUP(B46,'2026'!A:A,'2026'!AT:AT) -> 0 | E46: =_xlfn.XLOOKUP(B46,'2026'!A:A,'2026'!Z:Z) -> 0 | F46: =_xlfn.XLOOKUP(B46,'2026'!A:A,'2026'!E:E) -> 0 | G46: =D46/E45 -> #DIV/0! | H46: =SUMIFS(Goalies!$J:$J,Goalies!$C:$C,Projections!$F46,Goalies!$A:$A,Projections!H$4) -> 0 | I46: =SUMIFS(Goalies!$J:$J,Goalies!$C:$C,Projections!$F46,Goalies!$A:$A,Projections!I$4) -> 0 | J46: =SUMIFS(Goalies!$J:$J,Goalies!$C:$C,Projections!$F46,Goalies!$A:$A,Projections!J$4) -> 0 | K46: =SUMIFS(Goalies!$J:$J,Goalies!$C:$C,Projections!$F46,Goalies!$A:$A,Projections!K$4) -> 0 | L46: =IFERROR($G46*H45,0) -> 0 | M46: =IFERROR($G46*I45,0) -> 0 | N46: =IFERROR($G46*J45,0) -> 0 | O46: =IFERROR($G46*K45,0) -> 0 | P46: =_xlfn.XLOOKUP(B46,'2026'!A:A,'2026'!AS:AS) -> 0 | Q46: {=_xlfn.XLOOKUP(1, (Goalies!C:C=Projections!W46)*(Goalies!A:A=Projections!$Q$4), Goalies!D:D)} -> #N/A | R46: {=_xlfn.XLOOKUP(1, (Goalies!C:C=Projections!W46)*(Goalies!A:A=Projections!$R$4), Goalies!D:D)} -> #N/A | S46: 1 | T46: =IFERROR(L46*S45+(1-S45)*N46,0) -> 0 | W46: =F46 -> 0 | X46: ='2026'!BJ44 -> #N/A | Y46: ='2026'!BK44 -> #N/A | Z46: ='2026'!BL44 -> #N/A | AA46: ='2026'!BM44 -> #N/A
A47: =IF(D47=0,"0",(_xlfn.XLOOKUP(B47,'2026'!A:A,'2026'!C:C))) -> 0 | D47: =_xlfn.XLOOKUP(B47,'2026'!A:A,'2026'!AT:AT) -> 0 | E47: =_xlfn.XLOOKUP(B47,'2026'!A:A,'2026'!Z:Z) -> 0 | F47: =_xlfn.XLOOKUP(B47,'2026'!A:A,'2026'!E:E) -> 0 | G47: =D47/E48 -> #DIV/0! | H47: =SUMIFS(Goalies!$J:$J,Goalies!$C:$C,Projections!$F47,Goalies!$A:$A,Projections!H$2) -> 0 | I47: =SUMIFS(Goalies!$J:$J,Goalies!$C:$C,Projections!$F47,Goalies!$A:$A,Projections!I$2) -> 0 | J47: =SUMIFS(Goalies!$J:$J,Goalies!$C:$C,Projections!$F47,Goalies!$A:$A,Projections!J$2) -> 0 | K47: =SUMIFS(Goalies!$J:$J,Goalies!$C:$C,Projections!$F47,Goalies!$A:$A,Projections!K$2) -> 0 | L47: =IFERROR($G47*H48,0) -> 0 | M47: =IFERROR($G47*I48,0) -> 0 | N47: =IFERROR($G47*J48,0) -> 0 | O47: =IFERROR($G47*K48,0) -> 0 | P47: =_xlfn.XLOOKUP(B47,'2026'!A:A,'2026'!AS:AS) -> 0 | Q47: {=_xlfn.XLOOKUP(1, (Goalies!C:C=Projections!W47)*(Goalies!A:A=Projections!$Q$4), Goalies!D:D)} -> #N/A | R47: {=_xlfn.XLOOKUP(1, (Goalies!C:C=Projections!W47)*(Goalies!A:A=Projections!$R$4), Goalies!D:D)} -> #N/A | S47: 1 | T47: =IFERROR(L47*S48+(1-S48)*M47,0) -> 0 | W47: =F47 -> 0 | X47: ='2026'!BJ45 -> #N/A | Y47: ='2026'!BK45 -> #N/A | Z47: ='2026'!BL45 -> #N/A | AA47: ='2026'!BM45 -> #N/A
A48: =IF(D48=0,"0",(_xlfn.XLOOKUP(B48,'2026'!A:A,'2026'!C:C))) -> 0 | D48: =_xlfn.XLOOKUP(B48,'2026'!A:A,'2026'!AT:AT) -> 0 | E48: =_xlfn.XLOOKUP(B48,'2026'!A:A,'2026'!Z:Z) -> 0 | F48: =_xlfn.XLOOKUP(B48,'2026'!A:A,'2026'!E:E) -> 0 | G48: =D48/E47 -> #DIV/0! | H48: =SUMIFS(Goalies!$J:$J,Goalies!$C:$C,Projections!$F48,Goalies!$A:$A,Projections!H$4) -> 0 | I48: =SUMIFS(Goalies!$J:$J,Goalies!$C:$C,Projections!$F48,Goalies!$A:$A,Projections!I$4) -> 0 | J48: =SUMIFS(Goalies!$J:$J,Goalies!$C:$C,Projections!$F48,Goalies!$A:$A,Projections!J$4) -> 0 | K48: =SUMIFS(Goalies!$J:$J,Goalies!$C:$C,Projections!$F48,Goalies!$A:$A,Projections!K$4) -> 0 | L48: =IFERROR($G48*H47,0) -> 0 | M48: =IFERROR($G48*I47,0) -> 0 | N48: =IFERROR($G48*J47,0) -> 0 | O48: =IFERROR($G48*K47,0) -> 0 | P48: =_xlfn.XLOOKUP(B48,'2026'!A:A,'2026'!AS:AS) -> 0 | Q48: {=_xlfn.XLOOKUP(1, (Goalies!C:C=Projections!W48)*(Goalies!A:A=Projections!$Q$4), Goalies!D:D)} -> #N/A | R48: {=_xlfn.XLOOKUP(1, (Goalies!C:C=Projections!W48)*(Goalies!A:A=Projections!$R$4), Goalies!D:D)} -> #N/A | S48: 1 | T48: =IFERROR(L48*S47+(1-S47)*N48,0) -> 0 | W48: =F48 -> 0 | X48: ='2026'!BJ46 -> #N/A | Y48: ='2026'!BK46 -> #N/A | Z48: ='2026'!BL46 -> #N/A | AA48: ='2026'!BM46 -> #N/A
A49: =IF(D49=0,"0",(_xlfn.XLOOKUP(B49,'2026'!A:A,'2026'!C:C))) -> 0 | D49: =_xlfn.XLOOKUP(B49,'2026'!A:A,'2026'!AT:AT) -> 0 | E49: =_xlfn.XLOOKUP(B49,'2026'!A:A,'2026'!Z:Z) -> 0 | F49: =_xlfn.XLOOKUP(B49,'2026'!A:A,'2026'!E:E) -> 0 | G49: =D49/E50 -> #DIV/0! | H49: =SUMIFS(Goalies!$J:$J,Goalies!$C:$C,Projections!$F49,Goalies!$A:$A,Projections!H$2) -> 0 | I49: =SUMIFS(Goalies!$J:$J,Goalies!$C:$C,Projections!$F49,Goalies!$A:$A,Projections!I$2) -> 0 | J49: =SUMIFS(Goalies!$J:$J,Goalies!$C:$C,Projections!$F49,Goalies!$A:$A,Projections!J$2) -> 0 | K49: =SUMIFS(Goalies!$J:$J,Goalies!$C:$C,Projections!$F49,Goalies!$A:$A,Projections!K$2) -> 0 | L49: =IFERROR($G49*H50,0) -> 0 | M49: =IFERROR($G49*I50,0) -> 0 | N49: =IFERROR($G49*J50,0) -> 0 | O49: =IFERROR($G49*K50,0) -> 0 | P49: =_xlfn.XLOOKUP(B49,'2026'!A:A,'2026'!AS:AS) -> 0 | Q49: {=_xlfn.XLOOKUP(1, (Goalies!C:C=Projections!W49)*(Goalies!A:A=Projections!$Q$4), Goalies!D:D)} -> #N/A | R49: {=_xlfn.XLOOKUP(1, (Goalies!C:C=Projections!W49)*(Goalies!A:A=Projections!$R$4), Goalies!D:D)} -> #N/A | S49: 1 | T49: =IFERROR(L49*S50+(1-S50)*M49,0) -> 0 | W49: =F49 -> 0 | X49: ='2026'!BJ47 -> #N/A | Y49: ='2026'!BK47 -> #N/A | Z49: ='2026'!BL47 -> #N/A | AA49: ='2026'!BM47 -> #N/A
A50: =IF(D50=0,"0",(_xlfn.XLOOKUP(B50,'2026'!A:A,'2026'!C:C))) -> 0 | D50: =_xlfn.XLOOKUP(B50,'2026'!A:A,'2026'!AT:AT) -> 0 | E50: =_xlfn.XLOOKUP(B50,'2026'!A:A,'2026'!Z:Z) -> 0 | F50: =_xlfn.XLOOKUP(B50,'2026'!A:A,'2026'!E:E) -> 0 | G50: =D50/E49 -> #DIV/0! | H50: =SUMIFS(Goalies!$J:$J,Goalies!$C:$C,Projections!$F50,Goalies!$A:$A,Projections!H$4) -> 0 | I50: =SUMIFS(Goalies!$J:$J,Goalies!$C:$C,Projections!$F50,Goalies!$A:$A,Projections!I$4) -> 0 | J50: =SUMIFS(Goalies!$J:$J,Goalies!$C:$C,Projections!$F50,Goalies!$A:$A,Projections!J$4) -> 0 | K50: =SUMIFS(Goalies!$J:$J,Goalies!$C:$C,Projections!$F50,Goalies!$A:$A,Projections!K$4) -> 0 | L50: =IFERROR($G50*H49,0) -> 0 | M50: =IFERROR($G50*I49,0) -> 0 | N50: =IFERROR($G50*J49,0) -> 0 | O50: =IFERROR($G50*K49,0) -> 0 | P50: =_xlfn.XLOOKUP(B50,'2026'!A:A,'2026'!AS:AS) -> 0 | Q50: {=_xlfn.XLOOKUP(1, (Goalies!C:C=Projections!W50)*(Goalies!A:A=Projections!$Q$4), Goalies!D:D)} -> #N/A | R50: {=_xlfn.XLOOKUP(1, (Goalies!C:C=Projections!W50)*(Goalies!A:A=Projections!$R$4), Goalies!D:D)} -> #N/A | S50: 1 | T50: =IFERROR(L50*S49+(1-S49)*N50,0) -> 0 | W50: =F50 -> 0 | X50: ='2026'!BJ48 -> #N/A | Y50: ='2026'!BK48 -> #N/A | Z50: ='2026'!BL48 -> #N/A | AA50: ='2026'!BM48 -> #N/A
A51: =IF(D51=0,"0",(_xlfn.XLOOKUP(B51,'2026'!A:A,'2026'!C:C))) -> 0 | D51: =_xlfn.XLOOKUP(B51,'2026'!A:A,'2026'!AT:AT) -> 0 | E51: =_xlfn.XLOOKUP(B51,'2026'!A:A,'2026'!Z:Z) -> 0 | F51: =_xlfn.XLOOKUP(B51,'2026'!A:A,'2026'!E:E) -> 0 | G51: =D51/E52 -> #DIV/0! | H51: =SUMIFS(Goalies!$J:$J,Goalies!$C:$C,Projections!$F51,Goalies!$A:$A,Projections!H$2) -> 0 | I51: =SUMIFS(Goalies!$J:$J,Goalies!$C:$C,Projections!$F51,Goalies!$A:$A,Projections!I$2) -> 0 | J51: =SUMIFS(Goalies!$J:$J,Goalies!$C:$C,Projections!$F51,Goalies!$A:$A,Projections!J$2) -> 0 | K51: =SUMIFS(Goalies!$J:$J,Goalies!$C:$C,Projections!$F51,Goalies!$A:$A,Projections!K$2) -> 0 | L51: =IFERROR($G51*H52,0) -> 0 | M51: =IFERROR($G51*I52,0) -> 0 | N51: =IFERROR($G51*J52,0) -> 0 | O51: =IFERROR($G51*K52,0) -> 0 | P51: =_xlfn.XLOOKUP(B51,'2026'!A:A,'2026'!AS:AS) -> 0 | Q51: {=_xlfn.XLOOKUP(1, (Goalies!C:C=Projections!W51)*(Goalies!A:A=Projections!$Q$4), Goalies!D:D)} -> #N/A | R51: {=_xlfn.XLOOKUP(1, (Goalies!C:C=Projections!W51)*(Goalies!A:A=Projections!$R$4), Goalies!D:D)} -> #N/A | S51: 1 | T51: =IFERROR(L51*S52+(1-S52)*M51,0) -> 0 | W51: =F51 -> 0 | X51: ='2026'!BJ49 -> #N/A | Y51: ='2026'!BK49 -> #N/A | Z51: ='2026'!BL49 -> #N/A | AA51: ='2026'!BM49 -> #N/A
A52: =IF(D52=0,"0",(_xlfn.XLOOKUP(B52,'2026'!A:A,'2026'!C:C))) -> 0 | D52: =_xlfn.XLOOKUP(B52,'2026'!A:A,'2026'!AT:AT) -> 0 | E52: =_xlfn.XLOOKUP(B52,'2026'!A:A,'2026'!Z:Z) -> 0 | F52: =_xlfn.XLOOKUP(B52,'2026'!A:A,'2026'!E:E) -> 0 | G52: =D52/E51 -> #DIV/0! | H52: =SUMIFS(Goalies!$J:$J,Goalies!$C:$C,Projections!$F52,Goalies!$A:$A,Projections!H$4) -> 0 | I52: =SUMIFS(Goalies!$J:$J,Goalies!$C:$C,Projections!$F52,Goalies!$A:$A,Projections!I$4) -> 0 | J52: =SUMIFS(Goalies!$J:$J,Goalies!$C:$C,Projections!$F52,Goalies!$A:$A,Projections!J$4) -> 0 | K52: =SUMIFS(Goalies!$J:$J,Goalies!$C:$C,Projections!$F52,Goalies!$A:$A,Projections!K$4) -> 0 | L52: =IFERROR($G52*H51,0) -> 0 | M52: =IFERROR($G52*I51,0) -> 0 | N52: =IFERROR($G52*J51,0) -> 0 | O52: =IFERROR($G52*K51,0) -> 0 | P52: =_xlfn.XLOOKUP(B52,'2026'!A:A,'2026'!AS:AS) -> 0 | Q52: {=_xlfn.XLOOKUP(1, (Goalies!C:C=Projections!W52)*(Goalies!A:A=Projections!$Q$4), Goalies!D:D)} -> #N/A | R52: {=_xlfn.XLOOKUP(1, (Goalies!C:C=Projections!W52)*(Goalies!A:A=Projections!$R$4), Goalies!D:D)} -> #N/A | S52: 1 | T52: =IFERROR(L52*S51+(1-S51)*N52,0) -> 0 | W52: =F52 -> 0 | X52: ='2026'!BJ50 -> #N/A | Y52: ='2026'!BK50 -> #N/A | Z52: ='2026'!BL50 -> #N/A | AA52: ='2026'!BM50 -> #N/A
A53: =IF(D53=0,"0",(_xlfn.XLOOKUP(B53,'2026'!A:A,'2026'!C:C))) -> 0 | D53: =_xlfn.XLOOKUP(B53,'2026'!A:A,'2026'!AT:AT) -> 0 | E53: =_xlfn.XLOOKUP(B53,'2026'!A:A,'2026'!Z:Z) -> 0 | F53: =_xlfn.XLOOKUP(B53,'2026'!A:A,'2026'!E:E) -> 0 | G53: =D53/E54 -> #DIV/0! | H53: =SUMIFS(Goalies!$J:$J,Goalies!$C:$C,Projections!$F53,Goalies!$A:$A,Projections!H$2) -> 0 | I53: =SUMIFS(Goalies!$J:$J,Goalies!$C:$C,Projections!$F53,Goalies!$A:$A,Projections!I$2) -> 0 | J53: =SUMIFS(Goalies!$J:$J,Goalies!$C:$C,Projections!$F53,Goalies!$A:$A,Projections!J$2) -> 0 | K53: =SUMIFS(Goalies!$J:$J,Goalies!$C:$C,Projections!$F53,Goalies!$A:$A,Projections!K$2) -> 0 | L53: =IFERROR($G53*H54,0) -> 0 | M53: =IFERROR($G53*I54,0) -> 0 | N53: =IFERROR($G53*J54,0) -> 0 | O53: =IFERROR($G53*K54,0) -> 0 | P53: =_xlfn.XLOOKUP(B53,'2026'!A:A,'2026'!AS:AS) -> 0 | Q53: {=_xlfn.XLOOKUP(1, (Goalies!C:C=Projections!W53)*(Goalies!A:A=Projections!$Q$4), Goalies!D:D)} -> #N/A | R53: {=_xlfn.XLOOKUP(1, (Goalies!C:C=Projections!W53)*(Goalies!A:A=Projections!$R$4), Goalies!D:D)} -> #N/A | S53: 1 | T53: =IFERROR(L53*S54+(1-S54)*M53,0) -> 0 | W53: =F53 -> 0 | X53: ='2026'!BJ51 -> #N/A | Y53: ='2026'!BK51 -> #N/A | Z53: ='2026'!BL51 -> #N/A | AA53: ='2026'!BM51 -> #N/A
A54: =IF(D54=0,"0",(_xlfn.XLOOKUP(B54,'2026'!A:A,'2026'!C:C))) -> 0 | D54: =_xlfn.XLOOKUP(B54,'2026'!A:A,'2026'!AT:AT) -> 0 | E54: =_xlfn.XLOOKUP(B54,'2026'!A:A,'2026'!Z:Z) -> 0 | F54: =_xlfn.XLOOKUP(B54,'2026'!A:A,'2026'!E:E) -> 0 | G54: =D54/E53 -> #DIV/0! | H54: =SUMIFS(Goalies!$J:$J,Goalies!$C:$C,Projections!$F54,Goalies!$A:$A,Projections!H$4) -> 0 | I54: =SUMIFS(Goalies!$J:$J,Goalies!$C:$C,Projections!$F54,Goalies!$A:$A,Projections!I$4) -> 0 | J54: =SUMIFS(Goalies!$J:$J,Goalies!$C:$C,Projections!$F54,Goalies!$A:$A,Projections!J$4) -> 0 | K54: =SUMIFS(Goalies!$J:$J,Goalies!$C:$C,Projections!$F54,Goalies!$A:$A,Projections!K$4) -> 0 | L54: =IFERROR($G54*H53,0) -> 0 | M54: =IFERROR($G54*I53,0) -> 0 | N54: =IFERROR($G54*J53,0) -> 0 | O54: =IFERROR($G54*K53,0) -> 0 | P54: =_xlfn.XLOOKUP(B54,'2026'!A:A,'2026'!AS:AS) -> 0 | Q54: {=_xlfn.XLOOKUP(1, (Goalies!C:C=Projections!W54)*(Goalies!A:A=Projections!$Q$4), Goalies!D:D)} -> #N/A | R54: {=_xlfn.XLOOKUP(1, (Goalies!C:C=Projections!W54)*(Goalies!A:A=Projections!$R$4), Goalies!D:D)} -> #N/A | S54: 1 | T54: =IFERROR(L54*S53+(1-S53)*N54,0) -> 0 | W54: =F54 -> 0 | X54: ='2026'!BJ52 -> #N/A | Y54: ='2026'!BK52 -> #N/A | Z54: ='2026'!BL52 -> #N/A | AA54: ='2026'!BM52 -> #N/A
A55: =IF(D55=0,"0",(_xlfn.XLOOKUP(B55,'2026'!A:A,'2026'!C:C))) -> 0 | D55: =_xlfn.XLOOKUP(B55,'2026'!A:A,'2026'!AT:AT) -> 0 | E55: =_xlfn.XLOOKUP(B55,'2026'!A:A,'2026'!Z:Z) -> 0 | F55: =_xlfn.XLOOKUP(B55,'2026'!A:A,'2026'!E:E) -> 0 | G55: =D55/E56 -> #DIV/0! | H55: =SUMIFS(Goalies!$J:$J,Goalies!$C:$C,Projections!$F55,Goalies!$A:$A,Projections!H$2) -> 0 | I55: =SUMIFS(Goalies!$J:$J,Goalies!$C:$C,Projections!$F55,Goalies!$A:$A,Projections!I$2) -> 0 | J55: =SUMIFS(Goalies!$J:$J,Goalies!$C:$C,Projections!$F55,Goalies!$A:$A,Projections!J$2) -> 0 | K55: =SUMIFS(Goalies!$J:$J,Goalies!$C:$C,Projections!$F55,Goalies!$A:$A,Projections!K$2) -> 0 | L55: =IFERROR($G55*H56,0) -> 0 | M55: =IFERROR($G55*I56,0) -> 0 | N55: =IFERROR($G55*J56,0) -> 0 | O55: =IFERROR($G55*K56,0) -> 0 | P55: =_xlfn.XLOOKUP(B55,'2026'!A:A,'2026'!AS:AS) -> 0 | Q55: {=_xlfn.XLOOKUP(1, (Goalies!C:C=Projections!W55)*(Goalies!A:A=Projections!$Q$4), Goalies!D:D)} -> #N/A | R55: {=_xlfn.XLOOKUP(1, (Goalies!C:C=Projections!W55)*(Goalies!A:A=Projections!$R$4), Goalies!D:D)} -> #N/A | S55: 1 | T55: =IFERROR(L55*S56+(1-S56)*M55,0) -> 0 | W55: =F55 -> 0 | X55: ='2026'!BJ53 -> #N/A | Y55: ='2026'!BK53 -> #N/A | Z55: ='2026'!BL53 -> #N/A | AA55: ='2026'!BM53 -> #N/A
A56: =IF(D56=0,"0",(_xlfn.XLOOKUP(B56,'2026'!A:A,'2026'!C:C))) -> 0 | D56: =_xlfn.XLOOKUP(B56,'2026'!A:A,'2026'!AT:AT) -> 0 | E56: =_xlfn.XLOOKUP(B56,'2026'!A:A,'2026'!Z:Z) -> 0 | F56: =_xlfn.XLOOKUP(B56,'2026'!A:A,'2026'!E:E) -> 0 | G56: =D56/E55 -> #DIV/0! | H56: =SUMIFS(Goalies!$J:$J,Goalies!$C:$C,Projections!$F56,Goalies!$A:$A,Projections!H$4) -> 0 | I56: =SUMIFS(Goalies!$J:$J,Goalies!$C:$C,Projections!$F56,Goalies!$A:$A,Projections!I$4) -> 0 | J56: =SUMIFS(Goalies!$J:$J,Goalies!$C:$C,Projections!$F56,Goalies!$A:$A,Projections!J$4) -> 0 | K56: =SUMIFS(Goalies!$J:$J,Goalies!$C:$C,Projections!$F56,Goalies!$A:$A,Projections!K$4) -> 0 | L56: =IFERROR($G56*H55,0) -> 0 | M56: =IFERROR($G56*I55,0) -> 0 | N56: =IFERROR($G56*J55,0) -> 0 | O56: =IFERROR($G56*K55,0) -> 0 | P56: =_xlfn.XLOOKUP(B56,'2026'!A:A,'2026'!AS:AS) -> 0 | Q56: {=_xlfn.XLOOKUP(1, (Goalies!C:C=Projections!W56)*(Goalies!A:A=Projections!$Q$4), Goalies!D:D)} -> #N/A | R56: {=_xlfn.XLOOKUP(1, (Goalies!C:C=Projections!W56)*(Goalies!A:A=Projections!$R$4), Goalies!D:D)} -> #N/A | S56: 1 | T56: =IFERROR(L56*S55+(1-S55)*N56,0) -> 0 | W56: =F56 -> 0 | X56: ='2026'!BJ54 -> #N/A | Y56: ='2026'!BK54 -> #N/A | Z56: ='2026'!BL54 -> #N/A | AA56: ='2026'!BM54 -> #N/A
A57: =IF(D57=0,"0",(_xlfn.XLOOKUP(B57,'2026'!A:A,'2026'!C:C))) -> 0 | D57: =_xlfn.XLOOKUP(B57,'2026'!A:A,'2026'!AT:AT) -> 0 | E57: =_xlfn.XLOOKUP(B57,'2026'!A:A,'2026'!Z:Z) -> 0 | F57: =_xlfn.XLOOKUP(B57,'2026'!A:A,'2026'!E:E) -> 0 | G57: =D57/E58 -> #DIV/0! | H57: =SUMIFS(Goalies!$J:$J,Goalies!$C:$C,Projections!$F57,Goalies!$A:$A,Projections!H$2) -> 0 | I57: =SUMIFS(Goalies!$J:$J,Goalies!$C:$C,Projections!$F57,Goalies!$A:$A,Projections!I$2) -> 0 | J57: =SUMIFS(Goalies!$J:$J,Goalies!$C:$C,Projections!$F57,Goalies!$A:$A,Projections!J$2) -> 0 | K57: =SUMIFS(Goalies!$J:$J,Goalies!$C:$C,Projections!$F57,Goalies!$A:$A,Projections!K$2) -> 0 | L57: =IFERROR($G57*H58,0) -> 0 | M57: =IFERROR($G57*I58,0) -> 0 | N57: =IFERROR($G57*J58,0) -> 0 | O57: =IFERROR($G57*K58,0) -> 0 | P57: =_xlfn.XLOOKUP(B57,'2026'!A:A,'2026'!AS:AS) -> 0 | Q57: {=_xlfn.XLOOKUP(1, (Goalies!C:C=Projections!W57)*(Goalies!A:A=Projections!$Q$4), Goalies!D:D)} -> #N/A | R57: {=_xlfn.XLOOKUP(1, (Goalies!C:C=Projections!W57)*(Goalies!A:A=Projections!$R$4), Goalies!D:D)} -> #N/A | S57: 1 | T57: =IFERROR(L57*S58+(1-S58)*M57,0) -> 0 | W57: =F57 -> 0 | X57: ='2026'!BJ55 -> #N/A | Y57: ='2026'!BK55 -> #N/A | Z57: ='2026'!BL55 -> #N/A | AA57: ='2026'!BM55 -> #N/A
A58: =IF(D58=0,"0",(_xlfn.XLOOKUP(B58,'2026'!A:A,'2026'!C:C))) -> 0 | D58: =_xlfn.XLOOKUP(B58,'2026'!A:A,'2026'!AT:AT) -> 0 | E58: =_xlfn.XLOOKUP(B58,'2026'!A:A,'2026'!Z:Z) -> 0 | F58: =_xlfn.XLOOKUP(B58,'2026'!A:A,'2026'!E:E) -> 0 | G58: =D58/E57 -> #DIV/0! | H58: =SUMIFS(Goalies!$J:$J,Goalies!$C:$C,Projections!$F58,Goalies!$A:$A,Projections!H$4) -> 0 | I58: =SUMIFS(Goalies!$J:$J,Goalies!$C:$C,Projections!$F58,Goalies!$A:$A,Projections!I$4) -> 0 | J58: =SUMIFS(Goalies!$J:$J,Goalies!$C:$C,Projections!$F58,Goalies!$A:$A,Projections!J$4) -> 0 | K58: =SUMIFS(Goalies!$J:$J,Goalies!$C:$C,Projections!$F58,Goalies!$A:$A,Projections!K$4) -> 0 | L58: =IFERROR($G58*H57,0) -> 0 | M58: =IFERROR($G58*I57,0) -> 0 | N58: =IFERROR($G58*J57,0) -> 0 | O58: =IFERROR($G58*K57,0) -> 0 | P58: =_xlfn.XLOOKUP(B58,'2026'!A:A,'2026'!AS:AS) -> 0 | Q58: {=_xlfn.XLOOKUP(1, (Goalies!C:C=Projections!W58)*(Goalies!A:A=Projections!$Q$4), Goalies!D:D)} -> #N/A | R58: {=_xlfn.XLOOKUP(1, (Goalies!C:C=Projections!W58)*(Goalies!A:A=Projections!$R$4), Goalies!D:D)} -> #N/A | S58: 1 | T58: =IFERROR(L58*S57+(1-S57)*N58,0) -> 0 | W58: =F58 -> 0 | X58: ='2026'!BJ56 -> #N/A | Y58: ='2026'!BK56 -> #N/A | Z58: ='2026'!BL56 -> #N/A | AA58: ='2026'!BM56 -> #N/A
A59: =IF(D59=0,"0",(_xlfn.XLOOKUP(B59,'2026'!A:A,'2026'!C:C))) -> 0 | D59: =_xlfn.XLOOKUP(B59,'2026'!A:A,'2026'!AT:AT) -> 0 | E59: =_xlfn.XLOOKUP(B59,'2026'!A:A,'2026'!Z:Z) -> 0 | F59: =_xlfn.XLOOKUP(B59,'2026'!A:A,'2026'!E:E) -> 0 | G59: =D59/E60 -> #DIV/0! | H59: =SUMIFS(Goalies!$J:$J,Goalies!$C:$C,Projections!$F59,Goalies!$A:$A,Projections!H$2) -> 0 | I59: =SUMIFS(Goalies!$J:$J,Goalies!$C:$C,Projections!$F59,Goalies!$A:$A,Projections!I$2) -> 0 | J59: =SUMIFS(Goalies!$J:$J,Goalies!$C:$C,Projections!$F59,Goalies!$A:$A,Projections!J$2) -> 0 | K59: =SUMIFS(Goalies!$J:$J,Goalies!$C:$C,Projections!$F59,Goalies!$A:$A,Projections!K$2) -> 0 | L59: =IFERROR($G59*H60,0) -> 0 | M59: =IFERROR($G59*I60,0) -> 0 | N59: =IFERROR($G59*J60,0) -> 0 | O59: =IFERROR($G59*K60,0) -> 0 | P59: =_xlfn.XLOOKUP(B59,'2026'!A:A,'2026'!AS:AS) -> 0 | Q59: {=_xlfn.XLOOKUP(1, (Goalies!C:C=Projections!W59)*(Goalies!A:A=Projections!$Q$4), Goalies!D:D)} -> #N/A | R59: {=_xlfn.XLOOKUP(1, (Goalies!C:C=Projections!W59)*(Goalies!A:A=Projections!$R$4), Goalies!D:D)} -> #N/A | W59: =F59 -> 0 | X59: ='2026'!BJ57 -> 0 | Y59: ='2026'!BK57 -> 0 | Z59: ='2026'!BL57 -> 0 | AA59: ='2026'!BM57 -> 0
A60: =IF(D60=0,"0",(_xlfn.XLOOKUP(B60,'2026'!A:A,'2026'!C:C))) -> 0 | D60: =_xlfn.XLOOKUP(B60,'2026'!A:A,'2026'!AT:AT) -> 0 | E60: =_xlfn.XLOOKUP(B60,'2026'!A:A,'2026'!Z:Z) -> 0 | F60: =_xlfn.XLOOKUP(B60,'2026'!A:A,'2026'!E:E) -> 0 | G60: =D60/E59 -> #DIV/0! | H60: =SUMIFS(Goalies!$J:$J,Goalies!$C:$C,Projections!$F60,Goalies!$A:$A,Projections!H$4) -> 0 | I60: =SUMIFS(Goalies!$J:$J,Goalies!$C:$C,Projections!$F60,Goalies!$A:$A,Projections!I$4) -> 0 | J60: =SUMIFS(Goalies!$J:$J,Goalies!$C:$C,Projections!$F60,Goalies!$A:$A,Projections!J$4) -> 0 | K60: =SUMIFS(Goalies!$J:$J,Goalies!$C:$C,Projections!$F60,Goalies!$A:$A,Projections!K$4) -> 0 | L60: =IFERROR($G60*H59,0) -> 0 | M60: =IFERROR($G60*I59,0) -> 0 | N60: =IFERROR($G60*J59,0) -> 0 | O60: =IFERROR($G60*K59,0) -> 0 | P60: =_xlfn.XLOOKUP(B60,'2026'!A:A,'2026'!AS:AS) -> 0 | Q60: {=_xlfn.XLOOKUP(1, (Goalies!C:C=Projections!W60)*(Goalies!A:A=Projections!$Q$4), Goalies!D:D)} -> #N/A | R60: {=_xlfn.XLOOKUP(1, (Goalies!C:C=Projections!W60)*(Goalies!A:A=Projections!$R$4), Goalies!D:D)} -> #N/A | W60: =F60 -> 0 | X60: ='2026'!BJ58 -> 0 | Y60: ='2026'!BK58 -> 0 | Z60: ='2026'!BL58 -> 0 | AA60: ='2026'!BM58 -> 0
A61: =IF(D61=0,"0",(_xlfn.XLOOKUP(B61,'2026'!A:A,'2026'!C:C))) -> 0 | D61: =_xlfn.XLOOKUP(B61,'2026'!A:A,'2026'!AT:AT) -> 0 | E61: =_xlfn.XLOOKUP(B61,'2026'!A:A,'2026'!Z:Z) -> 0 | F61: =_xlfn.XLOOKUP(B61,'2026'!A:A,'2026'!E:E) -> 0 | G61: =D61/E62 -> #DIV/0! | H61: =SUMIFS(Goalies!$J:$J,Goalies!$C:$C,Projections!$F61,Goalies!$A:$A,Projections!H$2) -> 0 | I61: =SUMIFS(Goalies!$J:$J,Goalies!$C:$C,Projections!$F61,Goalies!$A:$A,Projections!I$2) -> 0 | J61: =SUMIFS(Goalies!$J:$J,Goalies!$C:$C,Projections!$F61,Goalies!$A:$A,Projections!J$2) -> 0 | K61: =SUMIFS(Goalies!$J:$J,Goalies!$C:$C,Projections!$F61,Goalies!$A:$A,Projections!K$2) -> 0 | L61: =IFERROR($G61*H62,0) -> 0 | M61: =IFERROR($G61*I62,0) -> 0 | N61: =IFERROR($G61*J62,0) -> 0 | O61: =IFERROR($G61*K62,0) -> 0 | P61: =_xlfn.XLOOKUP(B61,'2026'!A:A,'2026'!AS:AS) -> 0 | Q61: {=_xlfn.XLOOKUP(1, (Goalies!C:C=Projections!W61)*(Goalies!A:A=Projections!$Q$4), Goalies!D:D)} -> #N/A | R61: {=_xlfn.XLOOKUP(1, (Goalies!C:C=Projections!W61)*(Goalies!A:A=Projections!$R$4), Goalies!D:D)} -> #N/A | W61: =F61 -> 0 | X61: ='2026'!BJ59 -> 0 | Y61: ='2026'!BK59 -> 0 | Z61: ='2026'!BL59 -> 0 | AA61: ='2026'!BM59 -> 0
A62: =IF(D62=0,"0",(_xlfn.XLOOKUP(B62,'2026'!A:A,'2026'!C:C))) -> 0 | D62: =_xlfn.XLOOKUP(B62,'2026'!A:A,'2026'!AT:AT) -> 0 | E62: =_xlfn.XLOOKUP(B62,'2026'!A:A,'2026'!Z:Z) -> 0 | F62: =_xlfn.XLOOKUP(B62,'2026'!A:A,'2026'!E:E) -> 0 | G62: =D62/E61 -> #DIV/0! | H62: =SUMIFS(Goalies!$J:$J,Goalies!$C:$C,Projections!$F62,Goalies!$A:$A,Projections!H$4) -> 0 | I62: =SUMIFS(Goalies!$J:$J,Goalies!$C:$C,Projections!$F62,Goalies!$A:$A,Projections!I$4) -> 0 | J62: =SUMIFS(Goalies!$J:$J,Goalies!$C:$C,Projections!$F62,Goalies!$A:$A,Projections!J$4) -> 0 | K62: =SUMIFS(Goalies!$J:$J,Goalies!$C:$C,Projections!$F62,Goalies!$A:$A,Projections!K$4) -> 0 | L62: =IFERROR($G62*H61,0) -> 0 | M62: =IFERROR($G62*I61,0) -> 0 | N62: =IFERROR($G62*J61,0) -> 0 | O62: =IFERROR($G62*K61,0) -> 0 | P62: =_xlfn.XLOOKUP(B62,'2026'!A:A,'2026'!AS:AS) -> 0 | Q62: {=_xlfn.XLOOKUP(1, (Goalies!C:C=Projections!W62)*(Goalies!A:A=Projections!$Q$4), Goalies!D:D)} -> #N/A | R62: {=_xlfn.XLOOKUP(1, (Goalies!C:C=Projections!W62)*(Goalies!A:A=Projections!$R$4), Goalies!D:D)} -> #N/A | W62: =F62 -> 0 | X62: ='2026'!BJ60 -> 0 | Y62: ='2026'!BK60 -> 0 | Z62: ='2026'!BL60 -> 0 | AA62: ='2026'!BM60 -> 0
P63: Confidence Level
P1306: Strong
P1307: Strong
P1308: Weak
P1309: Weak
P1310: Neutral
P1311: Neutral
P1312: Weak
P1313: Weak
P1314: Strong
P1315: Strong
P1316: Weak
... P1325: Strong

Sheet 2026
AV1: =Projections!V1 -> 3.03 | BJ1: =IF(BN1=0.5,100,IF(BN1>0.5,-ROUND(100*BN1/(1-BN1),0),ROUND(100*(1-BN1)/BN1,0))) -> 117 | BK1: =IF(BO1=0.5,100,IF(BO1>0.5,-ROUND(100*BO1/(1-BO1),0),ROUND(100*(1-BO1)/BO1,0))) -> -155 | BL1: =IF(BP1=0.5,100,IF(BP1>0.5,-ROUND(100*BP1/(1-BP1),0),ROUND(100*(1-BP1)/BP1,0))) -> -126 | BM1: =IF(BQ1=0.5,100,IF(BQ1>0.5,-ROUND(100*BQ1/(1-BQ1),0),ROUND(100*(1-BQ1)/BQ1,0))) -> 102 | BN1: =_xlfn.LET( _xlpm.a, MIN(AV1,AV2), _xlpm.b, MAX(AV1,AV2), _xlpm.wA, (_xlpm.a - FLOOR(_xlpm.a,0.05)) / 0.05, _xlpm.wB, (_xlpm.b - FLOOR(_xlpm.b,0.05)) / 0.05, _xlpm.aLo, FLOOR(_xlpm.a,0.05), _xlpm.aHi, CEILING(_xlpm.a,0.05), _xlpm.bLo, FLOOR(_xlpm.b,0.05), _xlpm.bHi, CEILING(_xlpm.b,0.05), _xlpm.pLL, SUMIFS($BT:$BT,$BR:$BR,_xlpm.aLo,$BS:$BS,_xlpm.bLo), _xlpm.pUL, SUMIFS($BT:$BT,$BR:$BR,_xlpm.aHi,$BS:$BS,_xlpm.bLo), _xlpm.pLU, SUMIFS($BT:$BT,$BR:$BR,_xlpm.aLo,$BS:$BS,_xlpm.bHi), _xlpm.pUU, SUMIFS($BT:$BT,$BR:$BR,_xlpm.aHi,$BS:$BS,_xlpm.bHi), _xlpm.num, (1-_xlpm.wA)*(1-_xlpm.wB)*_xlpm.pLL + _xlpm.wA*(1-_xlpm.wB)*_xlpm.pUL + (1-_xlpm.wA)*_xlpm.wB*_xlpm.pLU + _xlpm.wA*_xlpm.wB*_xlpm.pUU, _xlpm.den, (1-_xlpm.wA)*(1-_xlpm.wB)*--(_xlpm.pLL<>0) + _xlpm.wA*(1-_xlpm.wB)*--(_xlpm.pUL<>0) + (1-_xlpm.wA)*_xlpm.wB*--(_xlpm.pLU<>0) + _xlpm.wA*_xlpm.wB*--(_xlpm.pUU<>0), _xlpm.interp, IF(_xlpm.den=0, NA(), _xlpm.num/_xlpm.den), IF(AV1>AV2, 1-_xlpm.interp, _xlpm.interp) ) -> 0.4606308 | BO1: =1-BO2 -> 0.6077808 | BP1: =1-BP2 -> 0.5583831 | BQ1: =1-BQ2 -> 0.4959244
AV2: =Projections!V2 -> 3.26 | BJ2: =IF(BN2=0.5,100,IF(BN2>0.5,-ROUND(100*BN2/(1-BN2),0),ROUND(100*(1-BN2)/BN2,0))) -> -117 | BK2: =IF(BO2=0.5,100,IF(BO2>0.5,-ROUND(100*BO2/(1-BO2),0),ROUND(100*(1-BO2)/BO2,0))) -> 155 | BL2: =IF(BP2=0.5,100,IF(BP2>0.5,-ROUND(100*BP2/(1-BP2),0),ROUND(100*(1-BP2)/BP2,0))) -> 126 | BM2: =IF(BQ2=0.5,100,IF(BQ2>0.5,-ROUND(100*BQ2/(1-BQ2),0),ROUND(100*(1-BQ2)/BQ2,0))) -> -102 | BN2: =1-BN1 -> 0.5393692 | BO2: =_xlfn.LET( _xlpm.a, MIN(AV1,AV2), _xlpm.b, MAX(AV1,AV2), _xlpm.wA, (_xlpm.a - FLOOR(_xlpm.a,0.05)) / 0.05, _xlpm.wB, (_xlpm.b - FLOOR(_xlpm.b,0.05)) / 0.05, _xlpm.aLo, FLOOR(_xlpm.a,0.05), _xlpm.aHi, CEILING(_xlpm.a,0.05), _xlpm.bLo, FLOOR(_xlpm.b,0.05), _xlpm.bHi, CEILING(_xlpm.b,0.05), _xlpm.pLL, SUMIFS($BU:$BU,$BR:$BR,_xlpm.aLo,$BS:$BS,_xlpm.bLo), _xlpm.pUL, SUMIFS($BU:$BU,$BR:$BR,_xlpm.aHi,$BS:$BS,_xlpm.bLo), _xlpm.pLU, SUMIFS($BU:$BU,$BR:$BR,_xlpm.aLo,$BS:$BS,_xlpm.bHi), _xlpm.pUU, SUMIFS($BU:$BU,$BR:$BR,_xlpm.aHi,$BS:$BS,_xlpm.bHi), _xlpm.num, (1-_xlpm.wA)*(1-_xlpm.wB)*_xlpm.pLL + _xlpm.wA*(1-_xlpm.wB)*_xlpm.pUL + (1-_xlpm.wA)*_xlpm.wB*_xlpm.pLU + _xlpm.wA*_xlpm.wB*_xlpm.pUU, _xlpm.den, (1-_xlpm.wA)*(1-_xlpm.wB)*--(_xlpm.pLL<>0) + _xlpm.wA*(1-_xlpm.wB)*--(_xlpm.pUL<>0) + (1-_xlpm.wA)*_xlpm.wB*--(_xlpm.pLU<>0) + _xlpm.wA*_xlpm.wB*--(_xlpm.pUU<>0), _xlpm.interp, IF(_xlpm.den=0, NA(), _xlpm.num/_xlpm.den), _xlpm.interp ) -> 0.3922192 | BP2: =_xlfn.LET( _xlpm.a, MIN(AV1,AV2), _xlpm.b, MAX(AV1,AV2), _xlpm.wA, (_xlpm.a - FLOOR(_xlpm.a,0.05)) / 0.05, _xlpm.wB, (_xlpm.b - FLOOR(_xlpm.b,0.05)) / 0.05, _xlpm.aLo, FLOOR(_xlpm.a,0.05), _xlpm.aHi, CEILING(_xlpm.a,0.05), _xlpm.bLo, FLOOR(_xlpm.b,0.05), _xlpm.bHi, CEILING(_xlpm.b,0.05), _xlpm.pLL, SUMIFS($BV:$BV,$BR:$BR,_xlpm.aLo,$BS:$BS,_xlpm.bLo), _xlpm.pUL, SUMIFS($BV:$BV,$BR:$BR,_xlpm.aHi,$BS:$BS,_xlpm.bLo), _xlpm.pLU, SUMIFS($BV:$BV,$BR:$BR,_xlpm.aLo,$BS:$BS,_xlpm.bHi), _xlpm.pUU, SUMIFS($BV:$BV,$BR:$BR,_xlpm.aHi,$BS:$BS,_xlpm.bHi), _xlpm.num, (1-_xlpm.wA)*(1-_xlpm.wB)*_xlpm.pLL + _xlpm.wA*(1-_xlpm.wB)*_xlpm.pUL + (1-_xlpm.wA)*_xlpm.wB*_xlpm.pLU + _xlpm.wA*_xlpm.wB*_xlpm.pUU, _xlpm.den, (1-_xlpm.wA)*(1-_xlpm.wB)*--(_xlpm.pLL<>0) + _xlpm.wA*(1-_xlpm.wB)*--(_xlpm.pUL<>0) + (1-_xlpm.wA)*_xlpm.wB*--(_xlpm.pLU<>0) + _xlpm.wA*_xlpm.wB*--(_xlpm.pUU<>0), _xlpm.interp, IF(_xlpm.den=0, NA(), _xlpm.num/_xlpm.den), _xlpm.interp ) -> 0.4416169 | BQ2: =_xlfn.LET( _xlpm.a, MIN(AV1,AV2), _xlpm.b, MAX(AV1,AV2), _xlpm.wA, (_xlpm.a - FLOOR(_xlpm.a,0.05)) / 0.05, _xlpm.wB, (_xlpm.b - FLOOR(_xlpm.b,0.05)) / 0.05, _xlpm.aLo, FLOOR(_xlpm.a,0.05), _xlpm.aHi, CEILING(_xlpm.a,0.05), _xlpm.bLo, FLOOR(_xlpm.b,0.05), _xlpm.bHi, CEILING(_xlpm.b,0.05), _xlpm.pLL, SUMIFS($BW:$BW,$BR:$BR,_xlpm.aLo,$BS:$BS,_xlpm.bLo), _xlpm.pUL, SUMIFS($BW:$BW,$BR:$BR,_xlpm.aHi,$BS:$BS,_xlpm.bLo), _xlpm.pLU, SUMIFS($BW:$BW,$BR:$BR,_xlpm.aLo,$BS:$BS,_xlpm.bHi), _xlpm.pUU, SUMIFS($BW:$BW,$BR:$BR,_xlpm.aHi,$BS:$BS,_xlpm.bHi), _xlpm.num, (1-_xlpm.wA)*(1-_xlpm.wB)*_xlpm.pLL + _xlpm.wA*(1-_xlpm.wB)*_xlpm.pUL + (1-_xlpm.wA)*_xlpm.wB*_xlpm.pLU + _xlpm.wA*_xlpm.wB*_xlpm.pUU, _xlpm.den, (1-_xlpm.wA)*(1-_xlpm.wB)*--(_xlpm.pLL<>0) + _xlpm.wA*(1-_xlpm.wB)*--(_xlpm.pUL<>0) + (1-_xlpm.wA)*_xlpm.wB*--(_xlpm.pLU<>0) + _xlpm.wA*_xlpm.wB*--(_xlpm.pUU<>0), _xlpm.interp, IF(_xlpm.den=0, NA(), _xlpm.num/_xlpm.den), _xlpm.interp ) -> 0.5040756
AV3: =Projections!T5 -> 5.9102465 | BJ3: =IF(BN3=0.5,100,IF(BN3>0.5,-ROUND(100*BN3/(1-BN3),0),ROUND(100*(1-BN3)/BN3,0))) -> #N/A | BK3: =IF(BO3=0.5,100,IF(BO3>0.5,-ROUND(100*BO3/(1-BO3),0),ROUND(100*(1-BO3)/BO3,0))) -> #N/A | BL3: =IF(BP3=0.5,100,IF(BP3>0.5,-ROUND(100*BP3/(1-BP3),0),ROUND(100*(1-BP3)/BP3,0))) -> #N/A | BM3: =IF(BQ3=0.5,100,IF(BQ3>0.5,-ROUND(100*BQ3/(1-BQ3),0),ROUND(100*(1-BQ3)/BQ3,0))) -> #N/A | BN3: =_xlfn.LET( _xlpm.a, MIN(AV3,AV4), _xlpm.b, MAX(AV3,AV4), _xlpm.wA, (_xlpm.a - FLOOR(_xlpm.a,0.05)) / 0.05, _xlpm.wB, (_xlpm.b - FLOOR(_xlpm.b,0.05)) / 0.05, _xlpm.aLo, FLOOR(_xlpm.a,0.05), _xlpm.aHi, CEILING(_xlpm.a,0.05), _xlpm.bLo, FLOOR(_xlpm.b,0.05), _xlpm.bHi, CEILING(_xlpm.b,0.05), _xlpm.pLL, SUMIFS($BT:$BT,$BR:$BR,_xlpm.aLo,$BS:$BS,_xlpm.bLo), _xlpm.pUL, SUMIFS($BT:$BT,$BR:$BR,_xlpm.aHi,$BS:$BS,_xlpm.bLo), _xlpm.pLU, SUMIFS($BT:$BT,$BR:$BR,_xlpm.aLo,$BS:$BS,_xlpm.bHi), _xlpm.pUU, SUMIFS($BT:$BT,$BR:$BR,_xlpm.aHi,$BS:$BS,_xlpm.bHi), _xlpm.num, (1-_xlpm.wA)*(1-_xlpm.wB)*_xlpm.pLL + _xlpm.wA*(1-_xlpm.wB)*_xlpm.pUL + (1-_xlpm.wA)*_xlpm.wB*_xlpm.pLU + _xlpm.wA*_xlpm.wB*_xlpm.pUU, _xlpm.den, (1-_xlpm.wA)*(1-_xlpm.wB)*--(_xlpm.pLL<>0) + _xlpm.wA*(1-_xlpm.wB)*--(_xlpm.pUL<>0) + (1-_xlpm.wA)*_xlpm.wB*--(_xlpm.pLU<>0) + _xlpm.wA*_xlpm.wB*--(_xlpm.pUU<>0), _xlpm.interp, IF(_xlpm.den=0, NA(), _xlpm.num/_xlpm.den), IF(AV3>AV4, 1-_xlpm.interp, _xlpm.interp) ) -> #N/A | BO3: =1-BO4 -> #N/A | BP3: =1-BP4 -> #N/A | BQ3: =1-BQ4 -> #N/A
AV4: =Projections!T6 -> 3.3083054 | BJ4: =IF(BN4=0.5,100,IF(BN4>0.5,-ROUND(100*BN4/(1-BN4),0),ROUND(100*(1-BN4)/BN4,0))) -> #N/A | BK4: =IF(BO4=0.5,100,IF(BO4>0.5,-ROUND(100*BO4/(1-BO4),0),ROUND(100*(1-BO4)/BO4,0))) -> #N/A | BL4: =IF(BP4=0.5,100,IF(BP4>0.5,-ROUND(100*BP4/(1-BP4),0),ROUND(100*(1-BP4)/BP4,0))) -> #N/A | BM4: =IF(BQ4=0.5,100,IF(BQ4>0.5,-ROUND(100*BQ4/(1-BQ4),0),ROUND(100*(1-BQ4)/BQ4,0))) -> #N/A | BN4: =1-BN3 -> #N/A | BO4: =_xlfn.LET( _xlpm.a, MIN(AV3,AV4), _xlpm.b, MAX(AV3,AV4), _xlpm.wA, (_xlpm.a - FLOOR(_xlpm.a,0.05)) / 0.05, _xlpm.wB, (_xlpm.b - FLOOR(_xlpm.b,0.05)) / 0.05, _xlpm.aLo, FLOOR(_xlpm.a,0.05), _xlpm.aHi, CEILING(_xlpm.a,0.05), _xlpm.bLo, FLOOR(_xlpm.b,0.05), _xlpm.bHi, CEILING(_xlpm.b,0.05), _xlpm.pLL, SUMIFS($BU:$BU,$BR:$BR,_xlpm.aLo,$BS:$BS,_xlpm.bLo), _xlpm.pUL, SUMIFS($BU:$BU,$BR:$BR,_xlpm.aHi,$BS:$BS,_xlpm.bLo), _xlpm.pLU, SUMIFS($BU:$BU,$BR:$BR,_xlpm.aLo,$BS:$BS,_xlpm.bHi), _xlpm.pUU, SUMIFS($BU:$BU,$BR:$BR,_xlpm.aHi,$BS:$BS,_xlpm.bHi), _xlpm.num, (1-_xlpm.wA)*(1-_xlpm.wB)*_xlpm.pLL + _xlpm.wA*(1-_xlpm.wB)*_xlpm.pUL + (1-_xlpm.wA)*_xlpm.wB*_xlpm.pLU + _xlpm.wA*_xlpm.wB*_xlpm.pUU, _xlpm.den, (1-_xlpm.wA)*(1-_xlpm.wB)*--(_xlpm.pLL<>0) + _xlpm.wA*(1-_xlpm.wB)*--(_xlpm.pUL<>0) + (1-_xlpm.wA)*_xlpm.wB*--(_xlpm.pLU<>0) + _xlpm.wA*_xlpm.wB*--(_xlpm.pUU<>0), _xlpm.interp, IF(_xlpm.den=0, NA(), _xlpm.num/_xlpm.den), _xlpm.interp ) -> #N/A | BP4: =_xlfn.LET( _xlpm.a, MIN(AV3,AV4), _xlpm.b, MAX(AV3,AV4), _xlpm.wA, (_xlpm.a - FLOOR(_xlpm.a,0.05)) / 0.05, _xlpm.wB, (_xlpm.b - FLOOR(_xlpm.b,0.05)) / 0.05, _xlpm.aLo, FLOOR(_xlpm.a,0.05), _xlpm.aHi, CEILING(_xlpm.a,0.05), _xlpm.bLo, FLOOR(_xlpm.b,0.05), _xlpm.bHi, CEILING(_xlpm.b,0.05), _xlpm.pLL, SUMIFS($BV:$BV,$BR:$BR,_xlpm.aLo,$BS:$BS,_xlpm.bLo), _xlpm.pUL, SUMIFS($BV:$BV,$BR:$BR,_xlpm.aHi,$BS:$BS,_xlpm.bLo), _xlpm.pLU, SUMIFS($BV:$BV,$BR:$BR,_xlpm.aLo,$BS:$BS,_xlpm.bHi), _xlpm.pUU, SUMIFS($BV:$BV,$BR:$BR,_xlpm.aHi,$BS:$BS,_xlpm.bHi), _xlpm.num, (1-_xlpm.wA)*(1-_xlpm.wB)*_xlpm.pLL + _xlpm.wA*(1-_xlpm.wB)*_xlpm.pUL + (1-_xlpm.wA)*_xlpm.wB*_xlpm.pLU + _xlpm.wA*_xlpm.wB*_xlpm.pUU, _xlpm.den, (1-_xlpm.wA)*(1-_xlpm.wB)*--(_xlpm.pLL<>0) + _xlpm.wA*(1-_xlpm.wB)*--(_xlpm.pUL<>0) + (1-_xlpm.wA)*_xlpm.wB*--(_xlpm.pLU<>0) + _xlpm.wA*_xlpm.wB*--(_xlpm.pUU<>0), _xlpm.interp, IF(_xlpm.den=0, NA(), _xlpm.num/_xlpm.den), _xlpm.interp ) -> #N/A | BQ4: =_xlfn.LET( _xlpm.a, MIN(AV3,AV4), _xlpm.b, MAX(AV3,AV4), _xlpm.wA, (_xlpm.a - FLOOR(_xlpm.a,0.05)) / 0.05, _xlpm.wB, (_xlpm.b - FLOOR(_xlpm.b,0.05)) / 0.05, _xlpm.aLo, FLOOR(_xlpm.a,0.05), _xlpm.aHi, CEILING(_xlpm.a,0.05), _xlpm.bLo, FLOOR(_xlpm.b,0.05), _xlpm.bHi, CEILING(_xlpm.b,0.05), _xlpm.pLL, SUMIFS($BW:$BW,$BR:$BR,_xlpm.aLo,$BS:$BS,_xlpm.bLo), _xlpm.pUL, SUMIFS($BW:$BW,$BR:$BR,_xlpm.aHi,$BS:$BS,_xlpm.bLo), _xlpm.pLU, SUMIFS($BW:$BW,$BR:$BR,_xlpm.aLo,$BS:$BS,_xlpm.bHi), _xlpm.pUU, SUMIFS($BW:$BW,$BR:$BR,_xlpm.aHi,$BS:$BS,_xlpm.bHi), _xlpm.num, (1-_xlpm.wA)*(1-_xlpm.wB)*_xlpm.pLL + _xlpm.wA*(1-_xlpm.wB)*_xlpm.pUL + (1-_xlpm.wA)*_xlpm.wB*_xlpm.pLU + _xlpm.wA*_xlpm.wB*_xlpm.pUU, _xlpm.den, (1-_xlpm.wA)*(1-_xlpm.wB)*--(_xlpm.pLL<>0) + _xlpm.wA*(1-_xlpm.wB)*--(_xlpm.pUL<>0) + (1-_xlpm.wA)*_xlpm.wB*--(_xlpm.pLU<>0) + _xlpm.wA*_xlpm.wB*--(_xlpm.pUU<>0), _xlpm.interp, IF(_xlpm.den=0, NA(), _xlpm.num/_xlpm.den), _xlpm.interp ) -> #N/A
AV5: =Projections!T7 -> 2.3939699 | BJ5: =IF(BN5=0.5,100,IF(BN5>0.5,-ROUND(100*BN5/(1-BN5),0),ROUND(100*(1-BN5)/BN5,0))) -> 312 | BK5: =IF(BO5=0.5,100,IF(BO5>0.5,-ROUND(100*BO5/(1-BO5),0),ROUND(100*(1-BO5)/BO5,0))) -> -191 | BL5: =IF(BP5=0.5,100,IF(BP5>0.5,-ROUND(100*BP5/(1-BP5),0),ROUND(100*(1-BP5)/BP5,0))) -> -156 | BM5: =IF(BQ5=0.5,100,IF(BQ5>0.5,-ROUND(100*BQ5/(1-BQ5),0),ROUND(100*(1-BQ5)/BQ5,0))) -> -116 | BN5: =_xlfn.LET( _xlpm.a, MIN(AV5,AV6), _xlpm.b, MAX(AV5,AV6), _xlpm.wA, (_xlpm.a - FLOOR(_xlpm.a,0.05)) / 0.05, _xlpm.wB, (_xlpm.b - FLOOR(_xlpm.b,0.05)) / 0.05, _xlpm.aLo, FLOOR(_xlpm.a,0.05), _xlpm.aHi, CEILING(_xlpm.a,0.05), _xlpm.bLo, FLOOR(_xlpm.b,0.05), _xlpm.bHi, CEILING(_xlpm.b,0.05), _xlpm.pLL, SUMIFS($BT:$BT,$BR:$BR,_xlpm.aLo,$BS:$BS,_xlpm.bLo), _xlpm.pUL, SUMIFS($BT:$BT,$BR:$BR,_xlpm.aHi,$BS:$BS,_xlpm.bLo), _xlpm.pLU, SUMIFS($BT:$BT,$BR:$BR,_xlpm.aLo,$BS:$BS,_xlpm.bHi), _xlpm.pUU, SUMIFS($BT:$BT,$BR:$BR,_xlpm.aHi,$BS:$BS,_xlpm.bHi), _xlpm.num, (1-_xlpm.wA)*(1-_xlpm.wB)*_xlpm.pLL + _xlpm.wA*(1-_xlpm.wB)*_xlpm.pUL + (1-_xlpm.wA)*_xlpm.wB*_xlpm.pLU + _xlpm.wA*_xlpm.wB*_xlpm.pUU, _xlpm.den, (1-_xlpm.wA)*(1-_xlpm.wB)*--(_xlpm.pLL<>0) + _xlpm.wA*(1-_xlpm.wB)*--(_xlpm.pUL<>0) + (1-_xlpm.wA)*_xlpm.wB*--(_xlpm.pLU<>0) + _xlpm.wA*_xlpm.wB*--(_xlpm.pUU<>0), _xlpm.interp, IF(_xlpm.den=0, NA(), _xlpm.num/_xlpm.den), IF(AV5>AV6, 1-_xlpm.interp, _xlpm.interp) ) -> 0.24270273 | BO5: =1-BO6 -> 0.65600806 | BP5: =1-BP6 -> 0.60998005 | BQ5: =1-BQ6 -> 0.53800171
AV6: =Projections!T8 -> 4.2350635 | BJ6: =IF(BN6=0.5,100,IF(BN6>0.5,-ROUND(100*BN6/(1-BN6),0),ROUND(100*(1-BN6)/BN6,0))) -> -312 | BK6: =IF(BO6=0.5,100,IF(BO6>0.5,-ROUND(100*BO6/(1-BO6),0),ROUND(100*(1-BO6)/BO6,0))) -> 191 | BL6: =IF(BP6=0.5,100,IF(BP6>0.5,-ROUND(100*BP6/(1-BP6),0),ROUND(100*(1-BP6)/BP6,0))) -> 156 | BM6: =IF(BQ6=0.5,100,IF(BQ6>0.5,-ROUND(100*BQ6/(1-BQ6),0),ROUND(100*(1-BQ6)/BQ6,0))) -> 116 | BN6: =1-BN5 -> 0.75729727 | BO6: =_xlfn.LET( _xlpm.a, MIN(AV5,AV6), _xlpm.b, MAX(AV5,AV6), _xlpm.wA, (_xlpm.a - FLOOR(_xlpm.a,0.05)) / 0.05, _xlpm.wB, (_xlpm.b - FLOOR(_xlpm.b,0.05)) / 0.05, _xlpm.aLo, FLOOR(_xlpm.a,0.05), _xlpm.aHi, CEILING(_xlpm.a,0.05), _xlpm.bLo, FLOOR(_xlpm.b,0.05), _xlpm.bHi, CEILING(_xlpm.b,0.05), _xlpm.pLL, SUMIFS($BU:$BU,$BR:$BR,_xlpm.aLo,$BS:$BS,_xlpm.bLo), _xlpm.pUL, SUMIFS($BU:$BU,$BR:$BR,_xlpm.aHi,$BS:$BS,_xlpm.bLo), _xlpm.pLU, SUMIFS($BU:$BU,$BR:$BR,_xlpm.aLo,$BS:$BS,_xlpm.bHi), _xlpm.pUU, SUMIFS($BU:$BU,$BR:$BR,_xlpm.aHi,$BS:$BS,_xlpm.bHi), _xlpm.num, (1-_xlpm.wA)*(1-_xlpm.wB)*_xlpm.pLL + _xlpm.wA*(1-_xlpm.wB)*_xlpm.pUL + (1-_xlpm.wA)*_xlpm.wB*_xlpm.pLU + _xlpm.wA*_xlpm.wB*_xlpm.pUU, _xlpm.den, (1-_xlpm.wA)*(1-_xlpm.wB)*--(_xlpm.pLL<>0) + _xlpm.wA*(1-_xlpm.wB)*--(_xlpm.pUL<>0) + (1-_xlpm.wA)*_xlpm.wB*--(_xlpm.pLU<>0) + _xlpm.wA*_xlpm.wB*--(_xlpm.pUU<>0), _xlpm.interp, IF(_xlpm.den=0, NA(), _xlpm.num/_xlpm.den), _xlpm.interp ) -> 0.34399194 | BP6: =_xlfn.LET( _xlpm.a, MIN(AV5,AV6), _xlpm.b, MAX(AV5,AV6), _xlpm.wA, (_xlpm.a - FLOOR(_xlpm.a,0.05)) / 0.05, _xlpm.wB, (_xlpm.b - FLOOR(_xlpm.b,0.05)) / 0.05, _xlpm.aLo, FLOOR(_xlpm.a,0.05), _xlpm.aHi, CEILING(_xlpm.a,0.05), _xlpm.bLo, FLOOR(_xlpm.b,0.05), _xlpm.bHi, CEILING(_xlpm.b,0.05), _xlpm.pLL, SUMIFS($BV:$BV,$BR:$BR,_xlpm.aLo,$BS:$BS,_xlpm.bLo), _xlpm.pUL, SUMIFS($BV:$BV,$BR:$BR,_xlpm.aHi,$BS:$BS,_xlpm.bLo), _xlpm.pLU, SUMIFS($BV:$BV,$BR:$BR,_xlpm.aLo,$BS:$BS,_xlpm.bHi), _xlpm.pUU, SUMIFS($BV:$BV,$BR:$BR,_xlpm.aHi,$BS:$BS,_xlpm.bHi), _xlpm.num, (1-_xlpm.wA)*(1-_xlpm.wB)*_xlpm.pLL + _xlpm.wA*(1-_xlpm.wB)*_xlpm.pUL + (1-_xlpm.wA)*_xlpm.wB*_xlpm.pLU + _xlpm.wA*_xlpm.wB*_xlpm.pUU, _xlpm.den, (1-_xlpm.wA)*(1-_xlpm.wB)*--(_xlpm.pLL<>0) + _xlpm.wA*(1-_xlpm.wB)*--(_xlpm.pUL<>0) + (1-_xlpm.wA)*_xlpm.wB*--(_xlpm.pLU<>0) + _xlpm.wA*_xlpm.wB*--(_xlpm.pUU<>0), _xlpm.interp, IF(_xlpm.den=0, NA(), _xlpm.num/_xlpm.den), _xlpm.interp ) -> 0.39001995 | BQ6: =_xlfn.LET( _xlpm.a, MIN(AV5,AV6), _xlpm.b, MAX(AV5,AV6), _xlpm.wA, (_xlpm.a - FLOOR(_xlpm.a,0.05)) / 0.05, _xlpm.wB, (_xlpm.b - FLOOR(_xlpm.b,0.05)) / 0.05, _xlpm.aLo, FLOOR(_xlpm.a,0.05), _xlpm.aHi, CEILING(_xlpm.a,0.05), _xlpm.bLo, FLOOR(_xlpm.b,0.05), _xlpm.bHi, CEILING(_xlpm.b,0.05), _xlpm.pLL, SUMIFS($BW:$BW,$BR:$BR,_xlpm.aLo,$BS:$BS,_xlpm.bLo), _xlpm.pUL, SUMIFS($BW:$BW,$BR:$BR,_xlpm.aHi,$BS:$BS,_xlpm.bLo), _xlpm.pLU, SUMIFS($BW:$BW,$BR:$BR,_xlpm.aLo,$BS:$BS,_xlpm.bHi), _xlpm.pUU, SUMIFS($BW:$BW,$BR:$BR,_xlpm.aHi,$BS:$BS,_xlpm.bHi), _xlpm.num, (1-_xlpm.wA)*(1-_xlpm.wB)*_xlpm.pLL + _xlpm.wA*(1-_xlpm.wB)*_xlpm.pUL + (1-_xlpm.wA)*_xlpm.wB*_xlpm.pLU + _xlpm.wA*_xlpm.wB*_xlpm.pUU, _xlpm.den, (1-_xlpm.wA)*(1-_xlpm.wB)*--(_xlpm.pLL<>0) + _xlpm.wA*(1-_xlpm.wB)*--(_xlpm.pUL<>0) + (1-_xlpm.wA)*_xlpm.wB*--(_xlpm.pLU<>0) + _xlpm.wA*_xlpm.wB*--(_xlpm.pUU<>0), _xlpm.interp, IF(_xlpm.den=0, NA(), _xlpm.num/_xlpm.den), _xlpm.interp ) -> 0.46199829
AV7: =Projections!T9 -> 3.0151744 | BJ7: =IF(BN7=0.5,100,IF(BN7>0.5,-ROUND(100*BN7/(1-BN7),0),ROUND(100*(1-BN7)/BN7,0))) -> 104 | BK7: =IF(BO7=0.5,100,IF(BO7>0.5,-ROUND(100*BO7/(1-BO7),0),ROUND(100*(1-BO7)/BO7,0))) -> -134 | BL7: =IF(BP7=0.5,100,IF(BP7>0.5,-ROUND(100*BP7/(1-BP7),0),ROUND(100*(1-BP7)/BP7,0))) -> -107 | BM7: =IF(BQ7=0.5,100,IF(BQ7>0.5,-ROUND(100*BQ7/(1-BQ7),0),ROUND(100*(1-BQ7)/BQ7,0))) -> 118 | BN7: =_xlfn.LET( _xlpm.a, MIN(AV7,AV8), _xlpm.b, MAX(AV7,AV8), _xlpm.wA, (_xlpm.a - FLOOR(_xlpm.a,0.05)) / 0.05, _xlpm.wB, (_xlpm.b - FLOOR(_xlpm.b,0.05)) / 0.05, _xlpm.aLo, FLOOR(_xlpm.a,0.05), _xlpm.aHi, CEILING(_xlpm.a,0.05), _xlpm.bLo, FLOOR(_xlpm.b,0.05), _xlpm.bHi, CEILING(_xlpm.b,0.05), _xlpm.pLL, SUMIFS($BT:$BT,$BR:$BR,_xlpm.aLo,$BS:$BS,_xlpm.bLo), _xlpm.pUL, SUMIFS($BT:$BT,$BR:$BR,_xlpm.aHi,$BS:$BS,_xlpm.bLo), _xlpm.pLU, SUMIFS($BT:$BT,$BR:$BR,_xlpm.aLo,$BS:$BS,_xlpm.bHi), _xlpm.pUU, SUMIFS($BT:$BT,$BR:$BR,_xlpm.aHi,$BS:$BS,_xlpm.bHi), _xlpm.num, (1-_xlpm.wA)*(1-_xlpm.wB)*_xlpm.pLL + _xlpm.wA*(1-_xlpm.wB)*_xlpm.pUL + (1-_xlpm.wA)*_xlpm.wB*_xlpm.pLU + _xlpm.wA*_xlpm.wB*_xlpm.pUU, _xlpm.den, (1-_xlpm.wA)*(1-_xlpm.wB)*--(_xlpm.pLL<>0) + _xlpm.wA*(1-_xlpm.wB)*--(_xlpm.pUL<>0) + (1-_xlpm.wA)*_xlpm.wB*--(_xlpm.pLU<>0) + _xlpm.wA*_xlpm.wB*--(_xlpm.pUU<>0), _xlpm.interp, IF(_xlpm.den=0, NA(), _xlpm.num/_xlpm.den), IF(AV7>AV8, 1-_xlpm.interp, _xlpm.interp) ) -> 0.4903579 | BO7: =1-BO8 -> 0.57279134 | BP7: =1-BP8 -> 0.51778167 | BQ7: =1-BQ8 -> 0.45872372
AV8: =Projections!T10 -> 3.0555627 | BJ8: =IF(BN8=0.5,100,IF(BN8>0.5,-ROUND(100*BN8/(1-BN8),0),ROUND(100*(1-BN8)/BN8,0))) -> -104 | BK8: =IF(BO8=0.5,100,IF(BO8>0.5,-ROUND(100*BO8/(1-BO8),0),ROUND(100*(1-BO8)/BO8,0))) -> 134 | BL8: =IF(BP8=0.5,100,IF(BP8>0.5,-ROUND(100*BP8/(1-BP8),0),ROUND(100*(1-BP8)/BP8,0))) -> 107 | BM8: =IF(BQ8=0.5,100,IF(BQ8>0.5,-ROUND(100*BQ8/(1-BQ8),0),ROUND(100*(1-BQ8)/BQ8,0))) -> -118 | BN8: =1-BN7 -> 0.5096421 | BO8: =_xlfn.LET( _xlpm.a, MIN(AV7,AV8), _xlpm.b, MAX(AV7,AV8), _xlpm.wA, (_xlpm.a - FLOOR(_xlpm.a,0.05)) / 0.05, _xlpm.wB, (_xlpm.b - FLOOR(_xlpm.b,0.05)) / 0.05, _xlpm.aLo, FLOOR(_xlpm.a,0.05), _xlpm.aHi, CEILING(_xlpm.a,0.05), _xlpm.bLo, FLOOR(_xlpm.b,0.05), _xlpm.bHi, CEILING(_xlpm.b,0.05), _xlpm.pLL, SUMIFS($BU:$BU,$BR:$BR,_xlpm.aLo,$BS:$BS,_xlpm.bLo), _xlpm.pUL, SUMIFS($BU:$BU,$BR:$BR,_xlpm.aHi,$BS:$BS,_xlpm.bLo), _xlpm.pLU, SUMIFS($BU:$BU,$BR:$BR,_xlpm.aLo,$BS:$BS,_xlpm.bHi), _xlpm.pUU, SUMIFS($BU:$BU,$BR:$BR,_xlpm.aHi,$BS:$BS,_xlpm.bHi), _xlpm.num, (1-_xlpm.wA)*(1-_xlpm.wB)*_xlpm.pLL + _xlpm.wA*(1-_xlpm.wB)*_xlpm.pUL + (1-_xlpm.wA)*_xlpm.wB*_xlpm.pLU + _xlpm.wA*_xlpm.wB*_xlpm.pUU, _xlpm.den, (1-_xlpm.wA)*(1-_xlpm.wB)*--(_xlpm.pLL<>0) + _xlpm.wA*(1-_xlpm.wB)*--(_xlpm.pUL<>0) + (1-_xlpm.wA)*_xlpm.wB*--(_xlpm.pLU<>0) + _xlpm.wA*_xlpm.wB*--(_xlpm.pUU<>0), _xlpm.interp, IF(_xlpm.den=0, NA(), _xlpm.num/_xlpm.den), _xlpm.interp ) -> 0.42720866 | BP8: =_xlfn.LET( _xlpm.a, MIN(AV7,AV8), _xlpm.b, MAX(AV7,AV8), _xlpm.wA, (_xlpm.a - FLOOR(_xlpm.a,0.05)) / 0.05, _xlpm.wB, (_xlpm.b - FLOOR(_xlpm.b,0.05)) / 0.05, _xlpm.aLo, FLOOR(_xlpm.a,0.05), _xlpm.aHi, CEILING(_xlpm.a,0.05), _xlpm.bLo, FLOOR(_xlpm.b,0.05), _xlpm.bHi, CEILING(_xlpm.b,0.05), _xlpm.pLL, SUMIFS($BV:$BV,$BR:$BR,_xlpm.aLo,$BS:$BS,_xlpm.bLo), _xlpm.pUL, SUMIFS($BV:$BV,$BR:$BR,_xlpm.aHi,$BS:$BS,_xlpm.bLo), _xlpm.pLU, SUMIFS($BV:$BV,$BR:$BR,_xlpm.aLo,$BS:$BS,_xlpm.bHi), _xlpm.pUU, SUMIFS($BV:$BV,$BR:$BR,_xlpm.aHi,$BS:$BS,_xlpm.bHi), _xlpm.num, (1-_xlpm.wA)*(1-_xlpm.wB)*_xlpm.pLL + _xlpm.wA*(1-_xlpm.wB)*_xlpm.pUL + (1-_xlpm.wA)*_xlpm.wB*_xlpm.pLU + _xlpm.wA*_xlpm.wB*_xlpm.pUU, _xlpm.den, (1-_xlpm.wA)*(1-_xlpm.wB)*--(_xlpm.pLL<>0) + _xlpm.wA*(1-_xlpm.wB)*--(_xlpm.pUL<>0) + (1-_xlpm.wA)*_xlpm.wB*--(_xlpm.pLU<>0) + _xlpm.wA*_xlpm.wB*--(_xlpm.pUU<>0), _xlpm.interp, IF(_xlpm.den=0, NA(), _xlpm.num/_xlpm.den), _xlpm.interp ) -> 0.48221833 | BQ8: =_xlfn.LET( _xlpm.a, MIN(AV7,AV8), _xlpm.b, MAX(AV7,AV8), _xlpm.wA, (_xlpm.a - FLOOR(_xlpm.a,0.05)) / 0.05, _xlpm.wB, (_xlpm.b - FLOOR(_xlpm.b,0.05)) / 0.05, _xlpm.aLo, FLOOR(_xlpm.a,0.05), _xlpm.aHi, CEILING(_xlpm.a,0.05), _xlpm.bLo, FLOOR(_xlpm.b,0.05), _xlpm.bHi, CEILING(_xlpm.b,0.05), _xlpm.pLL, SUMIFS($BW:$BW,$BR:$BR,_xlpm.aLo,$BS:$BS,_xlpm.bLo), _xlpm.pUL, SUMIFS($BW:$BW,$BR:$BR,_xlpm.aHi,$BS:$BS,_xlpm.bLo), _xlpm.pLU, SUMIFS($BW:$BW,$BR:$BR,_xlpm.aLo,$BS:$BS,_xlpm.bHi), _xlpm.pUU, SUMIFS($BW:$BW,$BR:$BR,_xlpm.aHi,$BS:$BS,_xlpm.bHi), _xlpm.num, (1-_xlpm.wA)*(1-_xlpm.wB)*_xlpm.pLL + _xlpm.wA*(1-_xlpm.wB)*_xlpm.pUL + (1-_xlpm.wA)*_xlpm.wB*_xlpm.pLU + _xlpm.wA*_xlpm.wB*_xlpm.pUU, _xlpm.den, (1-_xlpm.wA)*(1-_xlpm.wB)*--(_xlpm.pLL<>0) + _xlpm.wA*(1-_xlpm.wB)*--(_xlpm.pUL<>0) + (1-_xlpm.wA)*_xlpm.wB*--(_xlpm.pLU<>0) + _xlpm.wA*_xlpm.wB*--(_xlpm.pUU<>0), _xlpm.interp, IF(_xlpm.den=0, NA(), _xlpm.num/_xlpm.den), _xlpm.interp ) -> 0.54127628
AV9: =Projections!T11 -> 3.2514257 | BJ9: =IF(BN9=0.5,100,IF(BN9>0.5,-ROUND(100*BN9/(1-BN9),0),ROUND(100*(1-BN9)/BN9,0))) -> #N/A | BK9: =IF(BO9=0.5,100,IF(BO9>0.5,-ROUND(100*BO9/(1-BO9),0),ROUND(100*(1-BO9)/BO9,0))) -> #N/A | BL9: =IF(BP9=0.5,100,IF(BP9>0.5,-ROUND(100*BP9/(1-BP9),0),ROUND(100*(1-BP9)/BP9,0))) -> #N/A | BM9: =IF(BQ9=0.5,100,IF(BQ9>0.5,-ROUND(100*BQ9/(1-BQ9),0),ROUND(100*(1-BQ9)/BQ9,0))) -> #N/A | BN9: =_xlfn.LET( _xlpm.a, MIN(AV9,AV10), _xlpm.b, MAX(AV9,AV10), _xlpm.wA, (_xlpm.a - FLOOR(_xlpm.a,0.05)) / 0.05, _xlpm.wB, (_xlpm.b - FLOOR(_xlpm.b,0.05)) / 0.05, _xlpm.aLo, FLOOR(_xlpm.a,0.05), _xlpm.aHi, CEILING(_xlpm.a,0.05), _xlpm.bLo, FLOOR(_xlpm.b,0.05), _xlpm.bHi, CEILING(_xlpm.b,0.05), _xlpm.pLL, SUMIFS($BT:$BT,$BR:$BR,_xlpm.aLo,$BS:$BS,_xlpm.bLo), _xlpm.pUL, SUMIFS($BT:$BT,$BR:$BR,_xlpm.aHi,$BS:$BS,_xlpm.bLo), _xlpm.pLU, SUMIFS($BT:$BT,$BR:$BR,_xlpm.aLo,$BS:$BS,_xlpm.bHi), _xlpm.pUU, SUMIFS($BT:$BT,$BR:$BR,_xlpm.aHi,$BS:$BS,_xlpm.bHi), _xlpm.num, (1-_xlpm.wA)*(1-_xlpm.wB)*_xlpm.pLL + _xlpm.wA*(1-_xlpm.wB)*_xlpm.pUL + (1-_xlpm.wA)*_xlpm.wB*_xlpm.pLU + _xlpm.wA*_xlpm.wB*_xlpm.pUU, _xlpm.den, (1-_xlpm.wA)*(1-_xlpm.wB)*--(_xlpm.pLL<>0) + _xlpm.wA*(1-_xlpm.wB)*--(_xlpm.pUL<>0) + (1-_xlpm.wA)*_xlpm.wB*--(_xlpm.pLU<>0) + _xlpm.wA*_xlpm.wB*--(_xlpm.pUU<>0), _xlpm.interp, IF(_xlpm.den=0, NA(), _xlpm.num/_xlpm.den), IF(AV9>AV10, 1-_xlpm.interp, _xlpm.interp) ) -> #N/A | BO9: =1-BO10 -> #N/A | BP9: =1-BP10 -> #N/A | BQ9: =1-BQ10 -> #N/A
AV10: =Projections!T12 -> 5.8999725 | BJ10: =IF(BN10=0.5,100,IF(BN10>0.5,-ROUND(100*BN10/(1-BN10),0),ROUND(100*(1-BN10)/BN10,0))) -> #N/A | BK10: =IF(BO10=0.5,100,IF(BO10>0.5,-ROUND(100*BO10/(1-BO10),0),ROUND(100*(1-BO10)/BO10,0))) -> #N/A | BL10: =IF(BP10=0.5,100,IF(BP10>0.5,-ROUND(100*BP10/(1-BP10),0),ROUND(100*(1-BP10)/BP10,0))) -> #N/A | BM10: =IF(BQ10=0.5,100,IF(BQ10>0.5,-ROUND(100*BQ10/(1-BQ10),0),ROUND(100*(1-BQ10)/BQ10,0))) -> #N/A | BN10: =1-BN9 -> #N/A | BO10: =_xlfn.LET( _xlpm.a, MIN(AV9,AV10), _xlpm.b, MAX(AV9,AV10), _xlpm.wA, (_xlpm.a - FLOOR(_xlpm.a,0.05)) / 0.05, _xlpm.wB, (_xlpm.b - FLOOR(_xlpm.b,0.05)) / 0.05, _xlpm.aLo, FLOOR(_xlpm.a,0.05), _xlpm.aHi, CEILING(_xlpm.a,0.05), _xlpm.bLo, FLOOR(_xlpm.b,0.05), _xlpm.bHi, CEILING(_xlpm.b,0.05), _xlpm.pLL, SUMIFS($BU:$BU,$BR:$BR,_xlpm.aLo,$BS:$BS,_xlpm.bLo), _xlpm.pUL, SUMIFS($BU:$BU,$BR:$BR,_xlpm.aHi,$BS:$BS,_xlpm.bLo), _xlpm.pLU, SUMIFS($BU:$BU,$BR:$BR,_xlpm.aLo,$BS:$BS,_xlpm.bHi), _xlpm.pUU, SUMIFS($BU:$BU,$BR:$BR,_xlpm.aHi,$BS:$BS,_xlpm.bHi), _xlpm.num, (1-_xlpm.wA)*(1-_xlpm.wB)*_xlpm.pLL + _xlpm.wA*(1-_xlpm.wB)*_xlpm.pUL + (1-_xlpm.wA)*_xlpm.wB*_xlpm.pLU + _xlpm.wA*_xlpm.wB*_xlpm.pUU, _xlpm.den, (1-_xlpm.wA)*(1-_xlpm.wB)*--(_xlpm.pLL<>0) + _xlpm.wA*(1-_xlpm.wB)*--(_xlpm.pUL<>0) + (1-_xlpm.wA)*_xlpm.wB*--(_xlpm.pLU<>0) + _xlpm.wA*_xlpm.wB*--(_xlpm.pUU<>0), _xlpm.interp, IF(_xlpm.den=0, NA(), _xlpm.num/_xlpm.den), _xlpm.interp ) -> #N/A | BP10: =_xlfn.LET( _xlpm.a, MIN(AV9,AV10), _xlpm.b, MAX(AV9,AV10), _xlpm.wA, (_xlpm.a - FLOOR(_xlpm.a,0.05)) / 0.05, _xlpm.wB, (_xlpm.b - FLOOR(_xlpm.b,0.05)) / 0.05, _xlpm.aLo, FLOOR(_xlpm.a,0.05), _xlpm.aHi, CEILING(_xlpm.a,0.05), _xlpm.bLo, FLOOR(_xlpm.b,0.05), _xlpm.bHi, CEILING(_xlpm.b,0.05), _xlpm.pLL, SUMIFS($BV:$BV,$BR:$BR,_xlpm.aLo,$BS:$BS,_xlpm.bLo), _xlpm.pUL, SUMIFS($BV:$BV,$BR:$BR,_xlpm.aHi,$BS:$BS,_xlpm.bLo), _xlpm.pLU, SUMIFS($BV:$BV,$BR:$BR,_xlpm.aLo,$BS:$BS,_xlpm.bHi), _xlpm.pUU, SUMIFS($BV:$BV,$BR:$BR,_xlpm.aHi,$BS:$BS,_xlpm.bHi), _xlpm.num, (1-_xlpm.wA)*(1-_xlpm.wB)*_xlpm.pLL + _xlpm.wA*(1-_xlpm.wB)*_xlpm.pUL + (1-_xlpm.wA)*_xlpm.wB*_xlpm.pLU + _xlpm.wA*_xlpm.wB*_xlpm.pUU, _xlpm.den, (1-_xlpm.wA)*(1-_xlpm.wB)*--(_xlpm.pLL<>0) + _xlpm.wA*(1-_xlpm.wB)*--(_xlpm.pUL<>0) + (1-_xlpm.wA)*_xlpm.wB*--(_xlpm.pLU<>0) + _xlpm.wA*_xlpm.wB*--(_xlpm.pUU<>0), _xlpm.interp, IF(_xlpm.den=0, NA(), _xlpm.num/_xlpm.den), _xlpm.interp ) -> #N/A | BQ10: =_xlfn.LET( _xlpm.a, MIN(AV9,AV10), _xlpm.b, MAX(AV9,AV10), _xlpm.wA, (_xlpm.a - FLOOR(_xlpm.a,0.05)) / 0.05, _xlpm.wB, (_xlpm.b - FLOOR(_xlpm.b,0.05)) / 0.05, _xlpm.aLo, FLOOR(_xlpm.a,0.05), _xlpm.aHi, CEILING(_xlpm.a,0.05), _xlpm.bLo, FLOOR(_xlpm.b,0.05), _xlpm.bHi, CEILING(_xlpm.b,0.05), _xlpm.pLL, SUMIFS($BW:$BW,$BR:$BR,_xlpm.aLo,$BS:$BS,_xlpm.bLo), _xlpm.pUL, SUMIFS($BW:$BW,$BR:$BR,_xlpm.aHi,$BS:$BS,_xlpm.bLo), _xlpm.pLU, SUMIFS($BW:$BW,$BR:$BR,_xlpm.aLo,$BS:$BS,_xlpm.bHi), _xlpm.pUU, SUMIFS($BW:$BW,$BR:$BR,_xlpm.aHi,$BS:$BS,_xlpm.bHi), _xlpm.num, (1-_xlpm.wA)*(1-_xlpm.wB)*_xlpm.pLL + _xlpm.wA*(1-_xlpm.wB)*_xlpm.pUL + (1-_xlpm.wA)*_xlpm.wB*_xlpm.pLU + _xlpm.wA*_xlpm.wB*_xlpm.pUU, _xlpm.den, (1-_xlpm.wA)*(1-_xlpm.wB)*--(_xlpm.pLL<>0) + _xlpm.wA*(1-_xlpm.wB)*--(_xlpm.pUL<>0) + (1-_xlpm.wA)*_xlpm.wB*--(_xlpm.pLU<>0) + _xlpm.wA*_xlpm.wB*--(_xlpm.pUU<>0), _xlpm.interp, IF(_xlpm.den=0, NA(), _xlpm.num/_xlpm.den), _xlpm.interp ) -> #N/A
AV11: =Projections!T13 -> 2.933464 | BJ11: =IF(BN11=0.5,100,IF(BN11>0.5,-ROUND(100*BN11/(1-BN11),0),ROUND(100*(1-BN11)/BN11,0))) -> -104 | BK11: =IF(BO11=0.5,100,IF(BO11>0.5,-ROUND(100*BO11/(1-BO11),0),ROUND(100*(1-BO11)/BO11,0))) -> -117 | BL11: =IF(BP11=0.5,100,IF(BP11>0.5,-ROUND(100*BP11/(1-BP11),0),ROUND(100*(1-BP11)/BP11,0))) -> 109 | BM11: =IF(BQ11=0.5,100,IF(BQ11>0.5,-ROUND(100*BQ11/(1-BQ11),0),ROUND(100*(1-BQ11)/BQ11,0))) -> 135 | BN11: =_xlfn.LET( _xlpm.a, MIN(AV11,AV12), _xlpm.b, MAX(AV11,AV12), _xlpm.wA, (_xlpm.a - FLOOR(_xlpm.a,0.05)) / 0.05, _xlpm.wB, (_xlpm.b - FLOOR(_xlpm.b,0.05)) / 0.05, _xlpm.aLo, FLOOR(_xlpm.a,0.05), _xlpm.aHi, CEILING(_xlpm.a,0.05), _xlpm.bLo, FLOOR(_xlpm.b,0.05), _xlpm.bHi, CEILING(_xlpm.b,0.05), _xlpm.pLL, SUMIFS($BT:$BT,$BR:$BR,_xlpm.aLo,$BS:$BS,_xlpm.bLo), _xlpm.pUL, SUMIFS($BT:$BT,$BR:$BR,_xlpm.aHi,$BS:$BS,_xlpm.bLo), _xlpm.pLU, SUMIFS($BT:$BT,$BR:$BR,_xlpm.aLo,$BS:$BS,_xlpm.bHi), _xlpm.pUU, SUMIFS($BT:$BT,$BR:$BR,_xlpm.aHi,$BS:$BS,_xlpm.bHi), _xlpm.num, (1-_xlpm.wA)*(1-_xlpm.wB)*_xlpm.pLL + _xlpm.wA*(1-_xlpm.wB)*_xlpm.pUL + (1-_xlpm.wA)*_xlpm.wB*_xlpm.pLU + _xlpm.wA*_xlpm.wB*_xlpm.pUU, _xlpm.den, (1-_xlpm.wA)*(1-_xlpm.wB)*--(_xlpm.pLL<>0) + _xlpm.wA*(1-_xlpm.wB)*--(_xlpm.pUL<>0) + (1-_xlpm.wA)*_xlpm.wB*--(_xlpm.pLU<>0) + _xlpm.wA*_xlpm.wB*--(_xlpm.pUU<>0), _xlpm.interp, IF(_xlpm.den=0, NA(), _xlpm.num/_xlpm.den), IF(AV11>AV12, 1-_xlpm.interp, _xlpm.interp) ) -> 0.50905457 | BO11: =1-BO12 -> 0.53819632 | BP11: =1-BP12 -> 0.47917085 | BQ11: =1-BQ12 -> 0.42489147
AV12: =Projections!T14 -> 2.9201996 | BJ12: =IF(BN12=0.5,100,IF(BN12>0.5,-ROUND(100*BN12/(1-BN12),0),ROUND(100*(1-BN12)/BN12,0))) -> 104 | BK12: =IF(BO12=0.5,100,IF(BO12>0.5,-ROUND(100*BO12/(1-BO12),0),ROUND(100*(1-BO12)/BO12,0))) -> 117 | BL12: =IF(BP12=0.5,100,IF(BP12>0.5,-ROUND(100*BP12/(1-BP12),0),ROUND(100*(1-BP12)/BP12,0))) -> -109 | BM12: =IF(BQ12=0.5,100,IF(BQ12>0.5,-ROUND(100*BQ12/(1-BQ12),0),ROUND(100*(1-BQ12)/BQ12,0))) -> -135 | BN12: =1-BN11 -> 0.49094543 | BO12: =_xlfn.LET( _xlpm.a, MIN(AV11,AV12), _xlpm.b, MAX(AV11,AV12), _xlpm.wA, (_xlpm.a - FLOOR(_xlpm.a,0.05)) / 0.05, _xlpm.wB, (_xlpm.b - FLOOR(_xlpm.b,0.05)) / 0.05, _xlpm.aLo, FLOOR(_xlpm.a,0.05), _xlpm.aHi, CEILING(_xlpm.a,0.05), _xlpm.bLo, FLOOR(_xlpm.b,0.05), _xlpm.bHi, CEILING(_xlpm.b,0.05), _xlpm.pLL, SUMIFS($BU:$BU,$BR:$BR,_xlpm.aLo,$BS:$BS,_xlpm.bLo), _xlpm.pUL, SUMIFS($BU:$BU,$BR:$BR,_xlpm.aHi,$BS:$BS,_xlpm.bLo), _xlpm.pLU, SUMIFS($BU:$BU,$BR:$BR,_xlpm.aLo,$BS:$BS,_xlpm.bHi), _xlpm.pUU, SUMIFS($BU:$BU,$BR:$BR,_xlpm.aHi,$BS:$BS,_xlpm.bHi), _xlpm.num, (1-_xlpm.wA)*(1-_xlpm.wB)*_xlpm.pLL + _xlpm.wA*(1-_xlpm.wB)*_xlpm.pUL + (1-_xlpm.wA)*_xlpm.wB*_xlpm.pLU + _xlpm.wA*_xlpm.wB*_xlpm.pUU, _xlpm.den, (1-_xlpm.wA)*(1-_xlpm.wB)*--(_xlpm.pLL<>0) + _xlpm.wA*(1-_xlpm.wB)*--(_xlpm.pUL<>0) + (1-_xlpm.wA)*_xlpm.wB*--(_xlpm.pLU<>0) + _xlpm.wA*_xlpm.wB*--(_xlpm.pUU<>0), _xlpm.interp, IF(_xlpm.den=0, NA(), _xlpm.num/_xlpm.den), _xlpm.interp ) -> 0.46180368 | BP12: =_xlfn.LET( _xlpm.a, MIN(AV11,AV12), _xlpm.b, MAX(AV11,AV12), _xlpm.wA, (_xlpm.a - FLOOR(_xlpm.a,0.05)) / 0.05, _xlpm.wB, (_xlpm.b - FLOOR(_xlpm.b,0.05)) / 0.05, _xlpm.aLo, FLOOR(_xlpm.a,0.05), _xlpm.aHi, CEILING(_xlpm.a,0.05), _xlpm.bLo, FLOOR(_xlpm.b,0.05), _xlpm.bHi, CEILING(_xlpm.b,0.05), _xlpm.pLL, SUMIFS($BV:$BV,$BR:$BR,_xlpm.aLo,$BS:$BS,_xlpm.bLo), _xlpm.pUL, SUMIFS($BV:$BV,$BR:$BR,_xlpm.aHi,$BS:$BS,_xlpm.bLo), _xlpm.pLU, SUMIFS($BV:$BV,$BR:$BR,_xlpm.aLo,$BS:$BS,_xlpm.bHi), _xlpm.pUU, SUMIFS($BV:$BV,$BR:$BR,_xlpm.aHi,$BS:$BS,_xlpm.bHi), _xlpm.num, (1-_xlpm.wA)*(1-_xlpm.wB)*_xlpm.pLL + _xlpm.wA*(1-_xlpm.wB)*_xlpm.pUL + (1-_xlpm.wA)*_xlpm.wB*_xlpm.pLU + _xlpm.wA*_xlpm.wB*_xlpm.pUU, _xlpm.den, (1-_xlpm.wA)*(1-_xlpm.wB)*--(_xlpm.pLL<>0) + _xlpm.wA*(1-_xlpm.wB)*--(_xlpm.pUL<>0) + (1-_xlpm.wA)*_xlpm.wB*--(_xlpm.pLU<>0) + _xlpm.wA*_xlpm.wB*--(_xlpm.pUU<>0), _xlpm.interp, IF(_xlpm.den=0, NA(), _xlpm.num/_xlpm.den), _xlpm.interp ) -> 0.52082915 | BQ12: =_xlfn.LET( _xlpm.a, MIN(AV11,AV12), _xlpm.b, MAX(AV11,AV12), _xlpm.wA, (_xlpm.a - FLOOR(_xlpm.a,0.05)) / 0.05, _xlpm.wB, (_xlpm.b - FLOOR(_xlpm.b,0.05)) / 0.05, _xlpm.aLo, FLOOR(_xlpm.a,0.05), _xlpm.aHi, CEILING(_xlpm.a,0.05), _xlpm.bLo, FLOOR(_xlpm.b,0.05), _xlpm.bHi, CEILING(_xlpm.b,0.05), _xlpm.pLL, SUMIFS($BW:$BW,$BR:$BR,_xlpm.aLo,$BS:$BS,_xlpm.bLo), _xlpm.pUL, SUMIFS($BW:$BW,$BR:$BR,_xlpm.aHi,$BS:$BS,_xlpm.bLo), _xlpm.pLU, SUMIFS($BW:$BW,$BR:$BR,_xlpm.aLo,$BS:$BS,_xlpm.bHi), _xlpm.pUU, SUMIFS($BW:$BW,$BR:$BR,_xlpm.aHi,$BS:$BS,_xlpm.bHi), _xlpm.num, (1-_xlpm.wA)*(1-_xlpm.wB)*_xlpm.pLL + _xlpm.wA*(1-_xlpm.wB)*_xlpm.pUL + (1-_xlpm.wA)*_xlpm.wB*_xlpm.pLU + _xlpm.wA*_xlpm.wB*_xlpm.pUU, _xlpm.den, (1-_xlpm.wA)*(1-_xlpm.wB)*--(_xlpm.pLL<>0) + _xlpm.wA*(1-_xlpm.wB)*--(_xlpm.pUL<>0) + (1-_xlpm.wA)*_xlpm.wB*--(_xlpm.pLU<>0) + _xlpm.wA*_xlpm.wB*--(_xlpm.pUU<>0), _xlpm.interp, IF(_xlpm.den=0, NA(), _xlpm.num/_xlpm.den), _xlpm.interp ) -> 0.57510853
AV13: =Projections!T15 -> 3.1218223 | BJ13: =IF(BN13=0.5,100,IF(BN13>0.5,-ROUND(100*BN13/(1-BN13),0),ROUND(100*(1-BN13)/BN13,0))) -> -109 | BK13: =IF(BO13=0.5,100,IF(BO13>0.5,-ROUND(100*BO13/(1-BO13),0),ROUND(100*(1-BO13)/BO13,0))) -> -140 | BL13: =IF(BP13=0.5,100,IF(BP13>0.5,-ROUND(100*BP13/(1-BP13),0),ROUND(100*(1-BP13)/BP13,0))) -> -113 | BM13: =IF(BQ13=0.5,100,IF(BQ13>0.5,-ROUND(100*BQ13/(1-BQ13),0),ROUND(100*(1-BQ13)/BQ13,0))) -> 113 | BN13: =_xlfn.LET( _xlpm.a, MIN(AV13,AV14), _xlpm.b, MAX(AV13,AV14), _xlpm.wA, (_xlpm.a - FLOOR(_xlpm.a,0.05)) / 0.05, _xlpm.wB, (_xlpm.b - FLOOR(_xlpm.b,0.05)) / 0.05, _xlpm.aLo, FLOOR(_xlpm.a,0.05), _xlpm.aHi, CEILING(_xlpm.a,0.05), _xlpm.bLo, FLOOR(_xlpm.b,0.05), _xlpm.bHi, CEILING(_xlpm.b,0.05), _xlpm.pLL, SUMIFS($BT:$BT,$BR:$BR,_xlpm.aLo,$BS:$BS,_xlpm.bLo), _xlpm.pUL, SUMIFS($BT:$BT,$BR:$BR,_xlpm.aHi,$BS:$BS,_xlpm.bLo), _xlpm.pLU, SUMIFS($BT:$BT,$BR:$BR,_xlpm.aLo,$BS:$BS,_xlpm.bHi), _xlpm.pUU, SUMIFS($BT:$BT,$BR:$BR,_xlpm.aHi,$BS:$BS,_xlpm.bHi), _xlpm.num, (1-_xlpm.wA)*(1-_xlpm.wB)*_xlpm.pLL + _xlpm.wA*(1-_xlpm.wB)*_xlpm.pUL + (1-_xlpm.wA)*_xlpm.wB*_xlpm.pLU + _xlpm.wA*_xlpm.wB*_xlpm.pUU, _xlpm.den, (1-_xlpm.wA)*(1-_xlpm.wB)*--(_xlpm.pLL<>0) + _xlpm.wA*(1-_xlpm.wB)*--(_xlpm.pUL<>0) + (1-_xlpm.wA)*_xlpm.wB*--(_xlpm.pLU<>0) + _xlpm.wA*_xlpm.wB*--(_xlpm.pUU<>0), _xlpm.interp, IF(_xlpm.den=0, NA(), _xlpm.num/_xlpm.den), IF(AV13>AV14, 1-_xlpm.interp, _xlpm.interp) ) -> 0.52137628 | BO13: =1-BO14 -> 0.58292613 | BP13: =1-BP14 -> 0.5299792 | BQ13: =1-BQ14 -> 0.47028679
AV14: =Projections!T16 -> 3.0153513 | BJ14: =IF(BN14=0.5,100,IF(BN14>0.5,-ROUND(100*BN14/(1-BN14),0),ROUND(100*(1-BN14)/BN14,0))) -> 109 | BK14: =IF(BO14=0.5,100,IF(BO14>0.5,-ROUND(100*BO14/(1-BO14),0),ROUND(100*(1-BO14)/BO14,0))) -> 140 | BL14: =IF(BP14=0.5,100,IF(BP14>0.5,-ROUND(100*BP14/(1-BP14),0),ROUND(100*(1-BP14)/BP14,0))) -> 113 | BM14: =IF(BQ14=0.5,100,IF(BQ14>0.5,-ROUND(100*BQ14/(1-BQ14),0),ROUND(100*(1-BQ14)/BQ14,0))) -> -113 | BN14: =1-BN13 -> 0.47862372 | BO14: =_xlfn.LET( _xlpm.a, MIN(AV13,AV14), _xlpm.b, MAX(AV13,AV14), _xlpm.wA, (_xlpm.a - FLOOR(_xlpm.a,0.05)) / 0.05, _xlpm.wB, (_xlpm.b - FLOOR(_xlpm.b,0.05)) / 0.05, _xlpm.aLo, FLOOR(_xlpm.a,0.05), _xlpm.aHi, CEILING(_xlpm.a,0.05), _xlpm.bLo, FLOOR(_xlpm.b,0.05), _xlpm.bHi, CEILING(_xlpm.b,0.05), _xlpm.pLL, SUMIFS($BU:$BU,$BR:$BR,_xlpm.aLo,$BS:$BS,_xlpm.bLo), _xlpm.pUL, SUMIFS($BU:$BU,$BR:$BR,_xlpm.aHi,$BS:$BS,_xlpm.bLo), _xlpm.pLU, SUMIFS($BU:$BU,$BR:$BR,_xlpm.aLo,$BS:$BS,_xlpm.bHi), _xlpm.pUU, SUMIFS($BU:$BU,$BR:$BR,_xlpm.aHi,$BS:$BS,_xlpm.bHi), _xlpm.num, (1-_xlpm.wA)*(1-_xlpm.wB)*_xlpm.pLL + _xlpm.wA*(1-_xlpm.wB)*_xlpm.pUL + (1-_xlpm.wA)*_xlpm.wB*_xlpm.pLU + _xlpm.wA*_xlpm.wB*_xlpm.pUU, _xlpm.den, (1-_xlpm.wA)*(1-_xlpm.wB)*--(_xlpm.pLL<>0) + _xlpm.wA*(1-_xlpm.wB)*--(_xlpm.pUL<>0) + (1-_xlpm.wA)*_xlpm.wB*--(_xlpm.pLU<>0) + _xlpm.wA*_xlpm.wB*--(_xlpm.pUU<>0), _xlpm.interp, IF(_xlpm.den=0, NA(), _xlpm.num/_xlpm.den), _xlpm.interp ) -> 0.41707387 | BP14: =_xlfn.LET( _xlpm.a, MIN(AV13,AV14), _xlpm.b, MAX(AV13,AV14), _xlpm.wA, (_xlpm.a - FLOOR(_xlpm.a,0.05)) / 0.05, _xlpm.wB, (_xlpm.b - FLOOR(_xlpm.b,0.05)) / 0.05, _xlpm.aLo, FLOOR(_xlpm.a,0.05), _xlpm.aHi, CEILING(_xlpm.a,0.05), _xlpm.bLo, FLOOR(_xlpm.b,0.05), _xlpm.bHi, CEILING(_xlpm.b,0.05), _xlpm.pLL, SUMIFS($BV:$BV,$BR:$BR,_xlpm.aLo,$BS:$BS,_xlpm.bLo), _xlpm.pUL, SUMIFS($BV:$BV,$BR:$BR,_xlpm.aHi,$BS:$BS,_xlpm.bLo), _xlpm.pLU, SUMIFS($BV:$BV,$BR:$BR,_xlpm.aLo,$BS:$BS,_xlpm.bHi), _xlpm.pUU, SUMIFS($BV:$BV,$BR:$BR,_xlpm.aHi,$BS:$BS,_xlpm.bHi), _xlpm.num, (1-_xlpm.wA)*(1-_xlpm.wB)*_xlpm.pLL + _xlpm.wA*(1-_xlpm.wB)*_xlpm.pUL + (1-_xlpm.wA)*_xlpm.wB*_xlpm.pLU + _xlpm.wA*_xlpm.wB*_xlpm.pUU, _xlpm.den, (1-_xlpm.wA)*(1-_xlpm.wB)*--(_xlpm.pLL<>0) + _xlpm.wA*(1-_xlpm.wB)*--(_xlpm.pUL<>0) + (1-_xlpm.wA)*_xlpm.wB*--(_xlpm.pLU<>0) + _xlpm.wA*_xlpm.wB*--(_xlpm.pUU<>0), _xlpm.interp, IF(_xlpm.den=0, NA(), _xlpm.num/_xlpm.den), _xlpm.interp ) -> 0.4700208 | BQ14: =_xlfn.LET( _xlpm.a, MIN(AV13,AV14), _xlpm.b, MAX(AV13,AV14), _xlpm.wA, (_xlpm.a - FLOOR(_xlpm.a,0.05)) / 0.05, _xlpm.wB, (_xlpm.b - FLOOR(_xlpm.b,0.05)) / 0.05, _xlpm.aLo, FLOOR(_xlpm.a,0.05), _xlpm.aHi, CEILING(_xlpm.a,0.05), _xlpm.bLo, FLOOR(_xlpm.b,0.05), _xlpm.bHi, CEILING(_xlpm.b,0.05), _xlpm.pLL, SUMIFS($BW:$BW,$BR:$BR,_xlpm.aLo,$BS:$BS,_xlpm.bLo), _xlpm.pUL, SUMIFS($BW:$BW,$BR:$BR,_xlpm.aHi,$BS:$BS,_xlpm.bLo), _xlpm.pLU, SUMIFS($BW:$BW,$BR:$BR,_xlpm.aLo,$BS:$BS,_xlpm.bHi), _xlpm.pUU, SUMIFS($BW:$BW,$BR:$BR,_xlpm.aHi,$BS:$BS,_xlpm.bHi), _xlpm.num, (1-_xlpm.wA)*(1-_xlpm.wB)*_xlpm.pLL + _xlpm.wA*(1-_xlpm.wB)*_xlpm.pUL + (1-_xlpm.wA)*_xlpm.wB*_xlpm.pLU + _xlpm.wA*_xlpm.wB*_xlpm.pUU, _xlpm.den, (1-_xlpm.wA)*(1-_xlpm.wB)*--(_xlpm.pLL<>0) + _xlpm.wA*(1-_xlpm.wB)*--(_xlpm.pUL<>0) + (1-_xlpm.wA)*_xlpm.wB*--(_xlpm.pLU<>0) + _xlpm.wA*_xlpm.wB*--(_xlpm.pUU<>0), _xlpm.interp, IF(_xlpm.den=0, NA(), _xlpm.num/_xlpm.den), _xlpm.interp ) -> 0.52971321
AV15: =Projections!T17 -> 2.7898263 | BJ15: =IF(BN15=0.5,100,IF(BN15>0.5,-ROUND(100*BN15/(1-BN15),0),ROUND(100*(1-BN15)/BN15,0))) -> 157 | BK15: =IF(BO15=0.5,100,IF(BO15>0.5,-ROUND(100*BO15/(1-BO15),0),ROUND(100*(1-BO15)/BO15,0))) -> -153 | BL15: =IF(BP15=0.5,100,IF(BP15>0.5,-ROUND(100*BP15/(1-BP15),0),ROUND(100*(1-BP15)/BP15,0))) -> -124 | BM15: =IF(BQ15=0.5,100,IF(BQ15>0.5,-ROUND(100*BQ15/(1-BQ15),0),ROUND(100*(1-BQ15)/BQ15,0))) -> 104 | BN15: =_xlfn.LET( _xlpm.a, MIN(AV15,AV16), _xlpm.b, MAX(AV15,AV16), _xlpm.wA, (_xlpm.a - FLOOR(_xlpm.a,0.05)) / 0.05, _xlpm.wB, (_xlpm.b - FLOOR(_xlpm.b,0.05)) / 0.05, _xlpm.aLo, FLOOR(_xlpm.a,0.05), _xlpm.aHi, CEILING(_xlpm.a,0.05), _xlpm.bLo, FLOOR(_xlpm.b,0.05), _xlpm.bHi, CEILING(_xlpm.b,0.05), _xlpm.pLL, SUMIFS($BT:$BT,$BR:$BR,_xlpm.aLo,$BS:$BS,_xlpm.bLo), _xlpm.pUL, SUMIFS($BT:$BT,$BR:$BR,_xlpm.aHi,$BS:$BS,_xlpm.bLo), _xlpm.pLU, SUMIFS($BT:$BT,$BR:$BR,_xlpm.aLo,$BS:$BS,_xlpm.bHi), _xlpm.pUU, SUMIFS($BT:$BT,$BR:$BR,_xlpm.aHi,$BS:$BS,_xlpm.bHi), _xlpm.num, (1-_xlpm.wA)*(1-_xlpm.wB)*_xlpm.pLL + _xlpm.wA*(1-_xlpm.wB)*_xlpm.pUL + (1-_xlpm.wA)*_xlpm.wB*_xlpm.pLU + _xlpm.wA*_xlpm.wB*_xlpm.pUU, _xlpm.den, (1-_xlpm.wA)*(1-_xlpm.wB)*--(_xlpm.pLL<>0) + _xlpm.wA*(1-_xlpm.wB)*--(_xlpm.pUL<>0) + (1-_xlpm.wA)*_xlpm.wB*--(_xlpm.pLU<>0) + _xlpm.wA*_xlpm.wB*--(_xlpm.pUU<>0), _xlpm.interp, IF(_xlpm.den=0, NA(), _xlpm.num/_xlpm.den), IF(AV15>AV16, 1-_xlpm.interp, _xlpm.interp) ) -> 0.38932878 | BO15: =1-BO16 -> 0.60447213 | BP15: =1-BP16 -> 0.55386587 | BQ15: =1-BQ16 -> 0.49104092
AV16: =Projections!T18 -> 3.4947646 | BJ16: =IF(BN16=0.5,100,IF(BN16>0.5,-ROUND(100*BN16/(1-BN16),0),ROUND(100*(1-BN16)/BN16,0))) -> -157 | BK16: =IF(BO16=0.5,100,IF(BO16>0.5,-ROUND(100*BO16/(1-BO16),0),ROUND(100*(1-BO16)/BO16,0))) -> 153 | BL16: =IF(BP16=0.5,100,IF(BP16>0.5,-ROUND(100*BP16/(1-BP16),0),ROUND(100*(1-BP16)/BP16,0))) -> 124 | BM16: =IF(BQ16=0.5,100,IF(BQ16>0.5,-ROUND(100*BQ16/(1-BQ16),0),ROUND(100*(1-BQ16)/BQ16,0))) -> -104 | BN16: =1-BN15 -> 0.61067122 | BO16: =_xlfn.LET( _xlpm.a, MIN(AV15,AV16), _xlpm.b, MAX(AV15,AV16), _xlpm.wA, (_xlpm.a - FLOOR(_xlpm.a,0.05)) / 0.05, _xlpm.wB, (_xlpm.b - FLOOR(_xlpm.b,0.05)) / 0.05, _xlpm.aLo, FLOOR(_xlpm.a,0.05), _xlpm.aHi, CEILING(_xlpm.a,0.05), _xlpm.bLo, FLOOR(_xlpm.b,0.05), _xlpm.bHi, CEILING(_xlpm.b,0.05), _xlpm.pLL, SUMIFS($BU:$BU,$BR:$BR,_xlpm.aLo,$BS:$BS,_xlpm.bLo), _xlpm.pUL, SUMIFS($BU:$BU,$BR:$BR,_xlpm.aHi,$BS:$BS,_xlpm.bLo), _xlpm.pLU, SUMIFS($BU:$BU,$BR:$BR,_xlpm.aLo,$BS:$BS,_xlpm.bHi), _xlpm.pUU, SUMIFS($BU:$BU,$BR:$BR,_xlpm.aHi,$BS:$BS,_xlpm.bHi), _xlpm.num, (1-_xlpm.wA)*(1-_xlpm.wB)*_xlpm.pLL + _xlpm.wA*(1-_xlpm.wB)*_xlpm.pUL + (1-_xlpm.wA)*_xlpm.wB*_xlpm.pLU + _xlpm.wA*_xlpm.wB*_xlpm.pUU, _xlpm.den, (1-_xlpm.wA)*(1-_xlpm.wB)*--(_xlpm.pLL<>0) + _xlpm.wA*(1-_xlpm.wB)*--(_xlpm.pUL<>0) + (1-_xlpm.wA)*_xlpm.wB*--(_xlpm.pLU<>0) + _xlpm.wA*_xlpm.wB*--(_xlpm.pUU<>0), _xlpm.interp, IF(_xlpm.den=0, NA(), _xlpm.num/_xlpm.den), _xlpm.interp ) -> 0.39552787 | BP16: =_xlfn.LET( _xlpm.a, MIN(AV15,AV16), _xlpm.b, MAX(AV15,AV16), _xlpm.wA, (_xlpm.a - FLOOR(_xlpm.a,0.05)) / 0.05, _xlpm.wB, (_xlpm.b - FLOOR(_xlpm.b,0.05)) / 0.05, _xlpm.aLo, FLOOR(_xlpm.a,0.05), _xlpm.aHi, CEILING(_xlpm.a,0.05), _xlpm.bLo, FLOOR(_xlpm.b,0.05), _xlpm.bHi, CEILING(_xlpm.b,0.05), _xlpm.pLL, SUMIFS($BV:$BV,$BR:$BR,_xlpm.aLo,$BS:$BS,_xlpm.bLo), _xlpm.pUL, SUMIFS($BV:$BV,$BR:$BR,_xlpm.aHi,$BS:$BS,_xlpm.bLo), _xlpm.pLU, SUMIFS($BV:$BV,$BR:$BR,_xlpm.aLo,$BS:$BS,_xlpm.bHi), _xlpm.pUU, SUMIFS($BV:$BV,$BR:$BR,_xlpm.aHi,$BS:$BS,_xlpm.bHi), _xlpm.num, (1-_xlpm.wA)*(1-_xlpm.wB)*_xlpm.pLL + _xlpm.wA*(1-_xlpm.wB)*_xlpm.pUL + (1-_xlpm.wA)*_xlpm.wB*_xlpm.pLU + _xlpm.wA*_xlpm.wB*_xlpm.pUU, _xlpm.den, (1-_xlpm.wA)*(1-_xlpm.wB)*--(_xlpm.pLL<>0) + _xlpm.wA*(1-_xlpm.wB)*--(_xlpm.pUL<>0) + (1-_xlpm.wA)*_xlpm.wB*--(_xlpm.pLU<>0) + _xlpm.wA*_xlpm.wB*--(_xlpm.pUU<>0), _xlpm.interp, IF(_xlpm.den=0, NA(), _xlpm.num/_xlpm.den), _xlpm.interp ) -> 0.44613413 | BQ16: =_xlfn.LET( _xlpm.a, MIN(AV15,AV16), _xlpm.b, MAX(AV15,AV16), _xlpm.wA, (_xlpm.a - FLOOR(_xlpm.a,0.05)) / 0.05, _xlpm.wB, (_xlpm.b - FLOOR(_xlpm.b,0.05)) / 0.05, _xlpm.aLo, FLOOR(_xlpm.a,0.05), _xlpm.aHi, CEILING(_xlpm.a,0.05), _xlpm.bLo, FLOOR(_xlpm.b,0.05), _xlpm.bHi, CEILING(_xlpm.b,0.05), _xlpm.pLL, SUMIFS($BW:$BW,$BR:$BR,_xlpm.aLo,$BS:$BS,_xlpm.bLo), _xlpm.pUL, SUMIFS($BW:$BW,$BR:$BR,_xlpm.aHi,$BS:$BS,_xlpm.bLo), _xlpm.pLU, SUMIFS($BW:$BW,$BR:$BR,_xlpm.aLo,$BS:$BS,_xlpm.bHi), _xlpm.pUU, SUMIFS($BW:$BW,$BR:$BR,_xlpm.aHi,$BS:$BS,_xlpm.bHi), _xlpm.num, (1-_xlpm.wA)*(1-_xlpm.wB)*_xlpm.pLL + _xlpm.wA*(1-_xlpm.wB)*_xlpm.pUL + (1-_xlpm.wA)*_xlpm.wB*_xlpm.pLU + _xlpm.wA*_xlpm.wB*_xlpm.pUU, _xlpm.den, (1-_xlpm.wA)*(1-_xlpm.wB)*--(_xlpm.pLL<>0) + _xlpm.wA*(1-_xlpm.wB)*--(_xlpm.pUL<>0) + (1-_xlpm.wA)*_xlpm.wB*--(_xlpm.pLU<>0) + _xlpm.wA*_xlpm.wB*--(_xlpm.pUU<>0), _xlpm.interp, IF(_xlpm.den=0, NA(), _xlpm.num/_xlpm.den), _xlpm.interp ) -> 0.50895908
AV17: =Projections!T19 -> 2.7730591 | BJ17: =IF(BN17=0.5,100,IF(BN17>0.5,-ROUND(100*BN17/(1-BN17),0),ROUND(100*(1-BN17)/BN17,0))) -> 140 | BK17: =IF(BO17=0.5,100,IF(BO17>0.5,-ROUND(100*BO17/(1-BO17),0),ROUND(100*(1-BO17)/BO17,0))) -> -132 | BL17: =IF(BP17=0.5,100,IF(BP17>0.5,-ROUND(100*BP17/(1-BP17),0),ROUND(100*(1-BP17)/BP17,0))) -> -106 | BM17: =IF(BQ17=0.5,100,IF(BQ17>0.5,-ROUND(100*BQ17/(1-BQ17),0),ROUND(100*(1-BQ17)/BQ17,0))) -> 119 | BN17: =_xlfn.LET( _xlpm.a, MIN(AV17,AV18), _xlpm.b, MAX(AV17,AV18), _xlpm.wA, (_xlpm.a - FLOOR(_xlpm.a,0.05)) / 0.05, _xlpm.wB, (_xlpm.b - FLOOR(_xlpm.b,0.05)) / 0.05, _xlpm.aLo, FLOOR(_xlpm.a,0.05), _xlpm.aHi, CEILING(_xlpm.a,0.05), _xlpm.bLo, FLOOR(_xlpm.b,0.05), _xlpm.bHi, CEILING(_xlpm.b,0.05), _xlpm.pLL, SUMIFS($BT:$BT,$BR:$BR,_xlpm.aLo,$BS:$BS,_xlpm.bLo), _xlpm.pUL, SUMIFS($BT:$BT,$BR:$BR,_xlpm.aHi,$BS:$BS,_xlpm.bLo), _xlpm.pLU, SUMIFS($BT:$BT,$BR:$BR,_xlpm.aLo,$BS:$BS,_xlpm.bHi), _xlpm.pUU, SUMIFS($BT:$BT,$BR:$BR,_xlpm.aHi,$BS:$BS,_xlpm.bHi), _xlpm.num, (1-_xlpm.wA)*(1-_xlpm.wB)*_xlpm.pLL + _xlpm.wA*(1-_xlpm.wB)*_xlpm.pUL + (1-_xlpm.wA)*_xlpm.wB*_xlpm.pLU + _xlpm.wA*_xlpm.wB*_xlpm.pUU, _xlpm.den, (1-_xlpm.wA)*(1-_xlpm.wB)*--(_xlpm.pLL<>0) + _xlpm.wA*(1-_xlpm.wB)*--(_xlpm.pUL<>0) + (1-_xlpm.wA)*_xlpm.wB*--(_xlpm.pLU<>0) + _xlpm.wA*_xlpm.wB*--(_xlpm.pUU<>0), _xlpm.interp, IF(_xlpm.den=0, NA(), _xlpm.num/_xlpm.den), IF(AV17>AV18, 1-_xlpm.interp, _xlpm.interp) ) -> 0.41736402 | BO17: =1-BO18 -> 0.56933258 | BP17: =1-BP18 -> 0.51433792 | BQ17: =1-BQ18 -> 0.45608991
AV18: =Projections!T20 -> 3.2856609 | BJ18: =IF(BN18=0.5,100,IF(BN18>0.5,-ROUND(100*BN18/(1-BN18),0),ROUND(100*(1-BN18)/BN18,0))) -> -140 | BK18: =IF(BO18=0.5,100,IF(BO18>0.5,-ROUND(100*BO18/(1-BO18),0),ROUND(100*(1-BO18)/BO18,0))) -> 132 | BL18: =IF(BP18=0.5,100,IF(BP18>0.5,-ROUND(100*BP18/(1-BP18),0),ROUND(100*(1-BP18)/BP18,0))) -> 106 | BM18: =IF(BQ18=0.5,100,IF(BQ18>0.5,-ROUND(100*BQ18/(1-BQ18),0),ROUND(100*(1-BQ18)/BQ18,0))) -> -119 | BN18: =1-BN17 -> 0.58263598 | BO18: =_xlfn.LET( _xlpm.a, MIN(AV17,AV18), _xlpm.b, MAX(AV17,AV18), _xlpm.wA, (_xlpm.a - FLOOR(_xlpm.a,0.05)) / 0.05, _xlpm.wB, (_xlpm.b - FLOOR(_xlpm.b,0.05)) / 0.05, _xlpm.aLo, FLOOR(_xlpm.a,0.05), _xlpm.aHi, CEILING(_xlpm.a,0.05), _xlpm.bLo, FLOOR(_xlpm.b,0.05), _xlpm.bHi, CEILING(_xlpm.b,0.05), _xlpm.pLL, SUMIFS($BU:$BU,$BR:$BR,_xlpm.aLo,$BS:$BS,_xlpm.bLo), _xlpm.pUL, SUMIFS($BU:$BU,$BR:$BR,_xlpm.aHi,$BS:$BS,_xlpm.bLo), _xlpm.pLU, SUMIFS($BU:$BU,$BR:$BR,_xlpm.aLo,$BS:$BS,_xlpm.bHi), _xlpm.pUU, SUMIFS($BU:$BU,$BR:$BR,_xlpm.aHi,$BS:$BS,_xlpm.bHi), _xlpm.num, (1-_xlpm.wA)*(1-_xlpm.wB)*_xlpm.pLL + _xlpm.wA*(1-_xlpm.wB)*_xlpm.pUL + (1-_xlpm.wA)*_xlpm.wB*_xlpm.pLU + _xlpm.wA*_xlpm.wB*_xlpm.pUU, _xlpm.den, (1-_xlpm.wA)*(1-_xlpm.wB)*--(_xlpm.pLL<>0) + _xlpm.wA*(1-_xlpm.wB)*--(_xlpm.pUL<>0) + (1-_xlpm.wA)*_xlpm.wB*--(_xlpm.pLU<>0) + _xlpm.wA*_xlpm.wB*--(_xlpm.pUU<>0), _xlpm.interp, IF(_xlpm.den=0, NA(), _xlpm.num/_xlpm.den), _xlpm.interp ) -> 0.43066742 | BP18: =_xlfn.LET( _xlpm.a, MIN(AV17,AV18), _xlpm.b, MAX(AV17,AV18), _xlpm.wA, (_xlpm.a - FLOOR(_xlpm.a,0.05)) / 0.05, _xlpm.wB, (_xlpm.b - FLOOR(_xlpm.b,0.05)) / 0.05, _xlpm.aLo, FLOOR(_xlpm.a,0.05), _xlpm.aHi, CEILING(_xlpm.a,0.05), _xlpm.bLo, FLOOR(_xlpm.b,0.05), _xlpm.bHi, CEILING(_xlpm.b,0.05), _xlpm.pLL, SUMIFS($BV:$BV,$BR:$BR,_xlpm.aLo,$BS:$BS,_xlpm.bLo), _xlpm.pUL, SUMIFS($BV:$BV,$BR:$BR,_xlpm.aHi,$BS:$BS,_xlpm.bLo), _xlpm.pLU, SUMIFS($BV:$BV,$BR:$BR,_xlpm.aLo,$BS:$BS,_xlpm.bHi), _xlpm.pUU, SUMIFS($BV:$BV,$BR:$BR,_xlpm.aHi,$BS:$BS,_xlpm.bHi), _xlpm.num, (1-_xlpm.wA)*(1-_xlpm.wB)*_xlpm.pLL + _xlpm.wA*(1-_xlpm.wB)*_xlpm.pUL + (1-_xlpm.wA)*_xlpm.wB*_xlpm.pLU + _xlpm.wA*_xlpm.wB*_xlpm.pUU, _xlpm.den, (1-_xlpm.wA)*(1-_xlpm.wB)*--(_xlpm.pLL<>0) + _xlpm.wA*(1-_xlpm.wB)*--(_xlpm.pUL<>0) + (1-_xlpm.wA)*_xlpm.wB*--(_xlpm.pLU<>0) + _xlpm.wA*_xlpm.wB*--(_xlpm.pUU<>0), _xlpm.interp, IF(_xlpm.den=0, NA(), _xlpm.num/_xlpm.den), _xlpm.interp ) -> 0.48566208 | BQ18: =_xlfn.LET( _xlpm.a, MIN(AV17,AV18), _xlpm.b, MAX(AV17,AV18), _xlpm.wA, (_xlpm.a - FLOOR(_xlpm.a,0.05)) / 0.05, _xlpm.wB, (_xlpm.b - FLOOR(_xlpm.b,0.05)) / 0.05, _xlpm.aLo, FLOOR(_xlpm.a,0.05), _xlpm.aHi, CEILING(_xlpm.a,0.05), _xlpm.bLo, FLOOR(_xlpm.b,0.05), _xlpm.bHi, CEILING(_xlpm.b,0.05), _xlpm.pLL, SUMIFS($BW:$BW,$BR:$BR,_xlpm.aLo,$BS:$BS,_xlpm.bLo), _xlpm.pUL, SUMIFS($BW:$BW,$BR:$BR,_xlpm.aHi,$BS:$BS,_xlpm.bLo), _xlpm.pLU, SUMIFS($BW:$BW,$BR:$BR,_xlpm.aLo,$BS:$BS,_xlpm.bHi), _xlpm.pUU, SUMIFS($BW:$BW,$BR:$BR,_xlpm.aHi,$BS:$BS,_xlpm.bHi), _xlpm.num, (1-_xlpm.wA)*(1-_xlpm.wB)*_xlpm.pLL + _xlpm.wA*(1-_xlpm.wB)*_xlpm.pUL + (1-_xlpm.wA)*_xlpm.wB*_xlpm.pLU + _xlpm.wA*_xlpm.wB*_xlpm.pUU, _xlpm.den, (1-_xlpm.wA)*(1-_xlpm.wB)*--(_xlpm.pLL<>0) + _xlpm.wA*(1-_xlpm.wB)*--(_xlpm.pUL<>0) + (1-_xlpm.wA)*_xlpm.wB*--(_xlpm.pLU<>0) + _xlpm.wA*_xlpm.wB*--(_xlpm.pUU<>0), _xlpm.interp, IF(_xlpm.den=0, NA(), _xlpm.num/_xlpm.den), _xlpm.interp ) -> 0.54391009
AV19: =Projections!T21 -> 4.0631841 | BJ19: =IF(BN19=0.5,100,IF(BN19>0.5,-ROUND(100*BN19/(1-BN19),0),ROUND(100*(1-BN19)/BN19,0))) -> -279 | BK19: =IF(BO19=0.5,100,IF(BO19>0.5,-ROUND(100*BO19/(1-BO19),0),ROUND(100*(1-BO19)/BO19,0))) -> -174 | BL19: =IF(BP19=0.5,100,IF(BP19>0.5,-ROUND(100*BP19/(1-BP19),0),ROUND(100*(1-BP19)/BP19,0))) -> -141 | BM19: =IF(BQ19=0.5,100,IF(BQ19>0.5,-ROUND(100*BQ19/(1-BQ19),0),ROUND(100*(1-BQ19)/BQ19,0))) -> -107 | BN19: =_xlfn.LET( _xlpm.a, MIN(AV19,AV20), _xlpm.b, MAX(AV19,AV20), _xlpm.wA, (_xlpm.a - FLOOR(_xlpm.a,0.05)) / 0.05, _xlpm.wB, (_xlpm.b - FLOOR(_xlpm.b,0.05)) / 0.05, _xlpm.aLo, FLOOR(_xlpm.a,0.05), _xlpm.aHi, CEILING(_xlpm.a,0.05), _xlpm.bLo, FLOOR(_xlpm.b,0.05), _xlpm.bHi, CEILING(_xlpm.b,0.05), _xlpm.pLL, SUMIFS($BT:$BT,$BR:$BR,_xlpm.aLo,$BS:$BS,_xlpm.bLo), _xlpm.pUL, SUMIFS($BT:$BT,$BR:$BR,_xlpm.aHi,$BS:$BS,_xlpm.bLo), _xlpm.pLU, SUMIFS($BT:$BT,$BR:$BR,_xlpm.aLo,$BS:$BS,_xlpm.bHi), _xlpm.pUU, SUMIFS($BT:$BT,$BR:$BR,_xlpm.aHi,$BS:$BS,_xlpm.bHi), _xlpm.num, (1-_xlpm.wA)*(1-_xlpm.wB)*_xlpm.pLL + _xlpm.wA*(1-_xlpm.wB)*_xlpm.pUL + (1-_xlpm.wA)*_xlpm.wB*_xlpm.pLU + _xlpm.wA*_xlpm.wB*_xlpm.pUU, _xlpm.den, (1-_xlpm.wA)*(1-_xlpm.wB)*--(_xlpm.pLL<>0) + _xlpm.wA*(1-_xlpm.wB)*--(_xlpm.pUL<>0) + (1-_xlpm.wA)*_xlpm.wB*--(_xlpm.pLU<>0) + _xlpm.wA*_xlpm.wB*--(_xlpm.pUU<>0), _xlpm.interp, IF(_xlpm.den=0, NA(), _xlpm.num/_xlpm.den), IF(AV19>AV20, 1-_xlpm.interp, _xlpm.interp) ) -> 0.73618663 | BO19: =1-BO20 -> 0.63450576 | BP19: =1-BP20 -> 0.58578731 | BQ19: =1-BQ20 -> 0.51689747
AV20: =Projections!T22 -> 2.4124869 | BJ20: =IF(BN20=0.5,100,IF(BN20>0.5,-ROUND(100*BN20/(1-BN20),0),ROUND(100*(1-BN20)/BN20,0))) -> 279 | BK20: =IF(BO20=0.5,100,IF(BO20>0.5,-ROUND(100*BO20/(1-BO20),0),ROUND(100*(1-BO20)/BO20,0))) -> 174 | BL20: =IF(BP20=0.5,100,IF(BP20>0.5,-ROUND(100*BP20/(1-BP20),0),ROUND(100*(1-BP20)/BP20,0))) -> 141 | BM20: =IF(BQ20=0.5,100,IF(BQ20>0.5,-ROUND(100*BQ20/(1-BQ20),0),ROUND(100*(1-BQ20)/BQ20,0))) -> 107 | BN20: =1-BN19 -> 0.26381337 | BO20: =_xlfn.LET( _xlpm.a, MIN(AV19,AV20), _xlpm.b, MAX(AV19,AV20), _xlpm.wA, (_xlpm.a - FLOOR(_xlpm.a,0.05)) / 0.05, _xlpm.wB, (_xlpm.b - FLOOR(_xlpm.b,0.05)) / 0.05, _xlpm.aLo, FLOOR(_xlpm.a,0.05), _xlpm.aHi, CEILING(_xlpm.a,0.05), _xlpm.bLo, FLOOR(_xlpm.b,0.05), _xlpm.bHi, CEILING(_xlpm.b,0.05), _xlpm.pLL, SUMIFS($BU:$BU,$BR:$BR,_xlpm.aLo,$BS:$BS,_xlpm.bLo), _xlpm.pUL, SUMIFS($BU:$BU,$BR:$BR,_xlpm.aHi,$BS:$BS,_xlpm.bLo), _xlpm.pLU, SUMIFS($BU:$BU,$BR:$BR,_xlpm.aLo,$BS:$BS,_xlpm.bHi), _xlpm.pUU, SUMIFS($BU:$BU,$BR:$BR,_xlpm.aHi,$BS:$BS,_xlpm.bHi), _xlpm.num, (1-_xlpm.wA)*(1-_xlpm.wB)*_xlpm.pLL + _xlpm.wA*(1-_xlpm.wB)*_xlpm.pUL + (1-_xlpm.wA)*_xlpm.wB*_xlpm.pLU + _xlpm.wA*_xlpm.wB*_xlpm.pUU, _xlpm.den, (1-_xlpm.wA)*(1-_xlpm.wB)*--(_xlpm.pLL<>0) + _xlpm.wA*(1-_xlpm.wB)*--(_xlpm.pUL<>0) + (1-_xlpm.wA)*_xlpm.wB*--(_xlpm.pLU<>0) + _xlpm.wA*_xlpm.wB*--(_xlpm.pUU<>0), _xlpm.interp, IF(_xlpm.den=0, NA(), _xlpm.num/_xlpm.den), _xlpm.interp ) -> 0.36549424 | BP20: =_xlfn.LET( _xlpm.a, MIN(AV19,AV20), _xlpm.b, MAX(AV19,AV20), _xlpm.wA, (_xlpm.a - FLOOR(_xlpm.a,0.05)) / 0.05, _xlpm.wB, (_xlpm.b - FLOOR(_xlpm.b,0.05)) / 0.05, _xlpm.aLo, FLOOR(_xlpm.a,0.05), _xlpm.aHi, CEILING(_xlpm.a,0.05), _xlpm.bLo, FLOOR(_xlpm.b,0.05), _xlpm.bHi, CEILING(_xlpm.b,0.05), _xlpm.pLL, SUMIFS($BV:$BV,$BR:$BR,_xlpm.aLo,$BS:$BS,_xlpm.bLo), _xlpm.pUL, SUMIFS($BV:$BV,$BR:$BR,_xlpm.aHi,$BS:$BS,_xlpm.bLo), _xlpm.pLU, SUMIFS($BV:$BV,$BR:$BR,_xlpm.aLo,$BS:$BS,_xlpm.bHi), _xlpm.pUU, SUMIFS($BV:$BV,$BR:$BR,_xlpm.aHi,$BS:$BS,_xlpm.bHi), _xlpm.num, (1-_xlpm.wA)*(1-_xlpm.wB)*_xlpm.pLL + _xlpm.wA*(1-_xlpm.wB)*_xlpm.pUL + (1-_xlpm.wA)*_xlpm.wB*_xlpm.pLU + _xlpm.wA*_xlpm.wB*_xlpm.pUU, _xlpm.den, (1-_xlpm.wA)*(1-_xlpm.wB)*--(_xlpm.pLL<>0) + _xlpm.wA*(1-_xlpm.wB)*--(_xlpm.pUL<>0) + (1-_xlpm.wA)*_xlpm.wB*--(_xlpm.pLU<>0) + _xlpm.wA*_xlpm.wB*--(_xlpm.pUU<>0), _xlpm.interp, IF(_xlpm.den=0, NA(), _xlpm.num/_xlpm.den), _xlpm.interp ) -> 0.41421269 | BQ20: =_xlfn.LET( _xlpm.a, MIN(AV19,AV20), _xlpm.b, MAX(AV19,AV20), _xlpm.wA, (_xlpm.a - FLOOR(_xlpm.a,0.05)) / 0.05, _xlpm.wB, (_xlpm.b - FLOOR(_xlpm.b,0.05)) / 0.05, _xlpm.aLo, FLOOR(_xlpm.a,0.05), _xlpm.aHi, CEILING(_xlpm.a,0.05), _xlpm.bLo, FLOOR(_xlpm.b,0.05), _xlpm.bHi, CEILING(_xlpm.b,0.05), _xlpm.pLL, SUMIFS($BW:$BW,$BR:$BR,_xlpm.aLo,$BS:$BS,_xlpm.bLo), _xlpm.pUL, SUMIFS($BW:$BW,$BR:$BR,_xlpm.aHi,$BS:$BS,_xlpm.bLo), _xlpm.pLU, SUMIFS($BW:$BW,$BR:$BR,_xlpm.aLo,$BS:$BS,_xlpm.bHi), _xlpm.pUU, SUMIFS($BW:$BW,$BR:$BR,_xlpm.aHi,$BS:$BS,_xlpm.bHi), _xlpm.num, (1-_xlpm.wA)*(1-_xlpm.wB)*_xlpm.pLL + _xlpm.wA*(1-_xlpm.wB)*_xlpm.pUL + (1-_xlpm.wA)*_xlpm.wB*_xlpm.pLU + _xlpm.wA*_xlpm.wB*_xlpm.pUU, _xlpm.den, (1-_xlpm.wA)*(1-_xlpm.wB)*--(_xlpm.pLL<>0) + _xlpm.wA*(1-_xlpm.wB)*--(_xlpm.pUL<>0) + (1-_xlpm.wA)*_xlpm.wB*--(_xlpm.pLU<>0) + _xlpm.wA*_xlpm.wB*--(_xlpm.pUU<>0), _xlpm.interp, IF(_xlpm.den=0, NA(), _xlpm.num/_xlpm.den), _xlpm.interp ) -> 0.48310253
AV21: =Projections!T23 -> 3.1636823 | BJ21: =IF(BN21=0.5,100,IF(BN21>0.5,-ROUND(100*BN21/(1-BN21),0),ROUND(100*(1-BN21)/BN21,0))) -> -113 | BK21: =IF(BO21=0.5,100,IF(BO21>0.5,-ROUND(100*BO21/(1-BO21),0),ROUND(100*(1-BO21)/BO21,0))) -> -142 | BL21: =IF(BP21=0.5,100,IF(BP21>0.5,-ROUND(100*BP21/(1-BP21),0),ROUND(100*(1-BP21)/BP21,0))) -> -115 | BM21: =IF(BQ21=0.5,100,IF(BQ21>0.5,-ROUND(100*BQ21/(1-BQ21),0),ROUND(100*(1-BQ21)/BQ21,0))) -> 111 | BN21: =_xlfn.LET( _xlpm.a, MIN(AV21,AV22), _xlpm.b, MAX(AV21,AV22), _xlpm.wA, (_xlpm.a - FLOOR(_xlpm.a,0.05)) / 0.05, _xlpm.wB, (_xlpm.b - FLOOR(_xlpm.b,0.05)) / 0.05, _xlpm.aLo, FLOOR(_xlpm.a,0.05), _xlpm.aHi, CEILING(_xlpm.a,0.05), _xlpm.bLo, FLOOR(_xlpm.b,0.05), _xlpm.bHi, CEILING(_xlpm.b,0.05), _xlpm.pLL, SUMIFS($BT:$BT,$BR:$BR,_xlpm.aLo,$BS:$BS,_xlpm.bLo), _xlpm.pUL, SUMIFS($BT:$BT,$BR:$BR,_xlpm.aHi,$BS:$BS,_xlpm.bLo), _xlpm.pLU, SUMIFS($BT:$BT,$BR:$BR,_xlpm.aLo,$BS:$BS,_xlpm.bHi), _xlpm.pUU, SUMIFS($BT:$BT,$BR:$BR,_xlpm.aHi,$BS:$BS,_xlpm.bHi), _xlpm.num, (1-_xlpm.wA)*(1-_xlpm.wB)*_xlpm.pLL + _xlpm.wA*(1-_xlpm.wB)*_xlpm.pUL + (1-_xlpm.wA)*_xlpm.wB*_xlpm.pLU + _xlpm.wA*_xlpm.wB*_xlpm.pUU, _xlpm.den, (1-_xlpm.wA)*(1-_xlpm.wB)*--(_xlpm.pLL<>0) + _xlpm.wA*(1-_xlpm.wB)*--(_xlpm.pUL<>0) + (1-_xlpm.wA)*_xlpm.wB*--(_xlpm.pLU<>0) + _xlpm.wA*_xlpm.wB*--(_xlpm.pUU<>0), _xlpm.interp, IF(_xlpm.den=0, NA(), _xlpm.num/_xlpm.den), IF(AV21>AV22, 1-_xlpm.interp, _xlpm.interp) ) -> 0.53018741 | BO21: =1-BO22 -> 0.58716933 | BP21: =1-BP22 -> 0.53472243 | BQ21: =1-BQ22 -> 0.47444243
AV22: =Projections!T24 -> 2.9991725 | BJ22: =IF(BN22=0.5,100,IF(BN22>0.5,-ROUND(100*BN22/(1-BN22),0),ROUND(100*(1-BN22)/BN22,0))) -> 113 | BK22: =IF(BO22=0.5,100,IF(BO22>0.5,-ROUND(100*BO22/(1-BO22),0),ROUND(100*(1-BO22)/BO22,0))) -> 142 | BL22: =IF(BP22=0.5,100,IF(BP22>0.5,-ROUND(100*BP22/(1-BP22),0),ROUND(100*(1-BP22)/BP22,0))) -> 115 | BM22: =IF(BQ22=0.5,100,IF(BQ22>0.5,-ROUND(100*BQ22/(1-BQ22),0),ROUND(100*(1-BQ22)/BQ22,0))) -> -111 | BN22: =1-BN21 -> 0.46981259 | BO22: =_xlfn.LET( _xlpm.a, MIN(AV21,AV22), _xlpm.b, MAX(AV21,AV22), _xlpm.wA, (_xlpm.a - FLOOR(_xlpm.a,0.05)) / 0.05, _xlpm.wB, (_xlpm.b - FLOOR(_xlpm.b,0.05)) / 0.05, _xlpm.aLo, FLOOR(_xlpm.a,0.05), _xlpm.aHi, CEILING(_xlpm.a,0.05), _xlpm.bLo, FLOOR(_xlpm.b,0.05), _xlpm.bHi, CEILING(_xlpm.b,0.05), _xlpm.pLL, SUMIFS($BU:$BU,$BR:$BR,_xlpm.aLo,$BS:$BS,_xlpm.bLo), _xlpm.pUL, SUMIFS($BU:$BU,$BR:$BR,_xlpm.aHi,$BS:$BS,_xlpm.bLo), _xlpm.pLU, SUMIFS($BU:$BU,$BR:$BR,_xlpm.aLo,$BS:$BS,_xlpm.bHi), _xlpm.pUU, SUMIFS($BU:$BU,$BR:$BR,_xlpm.aHi,$BS:$BS,_xlpm.bHi), _xlpm.num, (1-_xlpm.wA)*(1-_xlpm.wB)*_xlpm.pLL + _xlpm.wA*(1-_xlpm.wB)*_xlpm.pUL + (1-_xlpm.wA)*_xlpm.wB*_xlpm.pLU + _xlpm.wA*_xlpm.wB*_xlpm.pUU, _xlpm.den, (1-_xlpm.wA)*(1-_xlpm.wB)*--(_xlpm.pLL<>0) + _xlpm.wA*(1-_xlpm.wB)*--(_xlpm.pUL<>0) + (1-_xlpm.wA)*_xlpm.wB*--(_xlpm.pLU<>0) + _xlpm.wA*_xlpm.wB*--(_xlpm.pUU<>0), _xlpm.interp, IF(_xlpm.den=0, NA(), _xlpm.num/_xlpm.den), _xlpm.interp ) -> 0.41283067 | BP22: =_xlfn.LET( _xlpm.a, MIN(AV21,AV22), _xlpm.b, MAX(AV21,AV22), _xlpm.wA, (_xlpm.a - FLOOR(_xlpm.a,0.05)) / 0.05, _xlpm.wB, (_xlpm.b - FLOOR(_xlpm.b,0.05)) / 0.05, _xlpm.aLo, FLOOR(_xlpm.a,0.05), _xlpm.aHi, CEILING(_xlpm.a,0.05), _xlpm.bLo, FLOOR(_xlpm.b,0.05), _xlpm.bHi, CEILING(_xlpm.b,0.05), _xlpm.pLL, SUMIFS($BV:$BV,$BR:$BR,_xlpm.aLo,$BS:$BS,_xlpm.bLo), _xlpm.pUL, SUMIFS($BV:$BV,$BR:$BR,_xlpm.aHi,$BS:$BS,_xlpm.bLo), _xlpm.pLU, SUMIFS($BV:$BV,$BR:$BR,_xlpm.aLo,$BS:$BS,_xlpm.bHi), _xlpm.pUU, SUMIFS($BV:$BV,$BR:$BR,_xlpm.aHi,$BS:$BS,_xlpm.bHi), _xlpm.num, (1-_xlpm.wA)*(1-_xlpm.wB)*_xlpm.pLL + _xlpm.wA*(1-_xlpm.wB)*_xlpm.pUL + (1-_xlpm.wA)*_xlpm.wB*_xlpm.pLU + _xlpm.wA*_xlpm.wB*_xlpm.pUU, _xlpm.den, (1-_xlpm.wA)*(1-_xlpm.wB)*--(_xlpm.pLL<>0) + _xlpm.wA*(1-_xlpm.wB)*--(_xlpm.pUL<>0) + (1-_xlpm.wA)*_xlpm.wB*--(_xlpm.pLU<>0) + _xlpm.wA*_xlpm.wB*--(_xlpm.pUU<>0), _xlpm.interp, IF(_xlpm.den=0, NA(), _xlpm.num/_xlpm.den), _xlpm.interp ) -> 0.46527757 | BQ22: =_xlfn.LET( _xlpm.a, MIN(AV21,AV22), _xlpm.b, MAX(AV21,AV22), _xlpm.wA, (_xlpm.a - FLOOR(_xlpm.a,0.05)) / 0.05, _xlpm.wB, (_xlpm.b - FLOOR(_xlpm.b,0.05)) / 0.05, _xlpm.aLo, FLOOR(_xlpm.a,0.05), _xlpm.aHi, CEILING(_xlpm.a,0.05), _xlpm.bLo, FLOOR(_xlpm.b,0.05), _xlpm.bHi, CEILING(_xlpm.b,0.05), _xlpm.pLL, SUMIFS($BW:$BW,$BR:$BR,_xlpm.aLo,$BS:$BS,_xlpm.bLo), _xlpm.pUL, SUMIFS($BW:$BW,$BR:$BR,_xlpm.aHi,$BS:$BS,_xlpm.bLo), _xlpm.pLU, SUMIFS($BW:$BW,$BR:$BR,_xlpm.aLo,$BS:$BS,_xlpm.bHi), _xlpm.pUU, SUMIFS($BW:$BW,$BR:$BR,_xlpm.aHi,$BS:$BS,_xlpm.bHi), _xlpm.num, (1-_xlpm.wA)*(1-_xlpm.wB)*_xlpm.pLL + _xlpm.wA*(1-_xlpm.wB)*_xlpm.pUL + (1-_xlpm.wA)*_xlpm.wB*_xlpm.pLU + _xlpm.wA*_xlpm.wB*_xlpm.pUU, _xlpm.den, (1-_xlpm.wA)*(1-_xlpm.wB)*--(_xlpm.pLL<>0) + _xlpm.wA*(1-_xlpm.wB)*--(_xlpm.pUL<>0) + (1-_xlpm.wA)*_xlpm.wB*--(_xlpm.pLU<>0) + _xlpm.wA*_xlpm.wB*--(_xlpm.pUU<>0), _xlpm.interp, IF(_xlpm.den=0, NA(), _xlpm.num/_xlpm.den), _xlpm.interp ) -> 0.52555757
AV23: =Projections!T25 -> 2.6116437 | BJ23: =IF(BN23=0.5,100,IF(BN23>0.5,-ROUND(100*BN23/(1-BN23),0),ROUND(100*(1-BN23)/BN23,0))) -> 165 | BK23: =IF(BO23=0.5,100,IF(BO23>0.5,-ROUND(100*BO23/(1-BO23),0),ROUND(100*(1-BO23)/BO23,0))) -> -127 | BL23: =IF(BP23=0.5,100,IF(BP23>0.5,-ROUND(100*BP23/(1-BP23),0),ROUND(100*(1-BP23)/BP23,0))) -> -100 | BM23: =IF(BQ23=0.5,100,IF(BQ23>0.5,-ROUND(100*BQ23/(1-BQ23),0),ROUND(100*(1-BQ23)/BQ23,0))) -> 126 | BN23: =_xlfn.LET( _xlpm.a, MIN(AV23,AV24), _xlpm.b, MAX(AV23,AV24), _xlpm.wA, (_xlpm.a - FLOOR(_xlpm.a,0.05)) / 0.05, _xlpm.wB, (_xlpm.b - FLOOR(_xlpm.b,0.05)) / 0.05, _xlpm.aLo, FLOOR(_xlpm.a,0.05), _xlpm.aHi, CEILING(_xlpm.a,0.05), _xlpm.bLo, FLOOR(_xlpm.b,0.05), _xlpm.bHi, CEILING(_xlpm.b,0.05), _xlpm.pLL, SUMIFS($BT:$BT,$BR:$BR,_xlpm.aLo,$BS:$BS,_xlpm.bLo), _xlpm.pUL, SUMIFS($BT:$BT,$BR:$BR,_xlpm.aHi,$BS:$BS,_xlpm.bLo), _xlpm.pLU, SUMIFS($BT:$BT,$BR:$BR,_xlpm.aLo,$BS:$BS,_xlpm.bHi), _xlpm.pUU, SUMIFS($BT:$BT,$BR:$BR,_xlpm.aHi,$BS:$BS,_xlpm.bHi), _xlpm.num, (1-_xlpm.wA)*(1-_xlpm.wB)*_xlpm.pLL + _xlpm.wA*(1-_xlpm.wB)*_xlpm.pUL + (1-_xlpm.wA)*_xlpm.wB*_xlpm.pLU + _xlpm.wA*_xlpm.wB*_xlpm.pUU, _xlpm.den, (1-_xlpm.wA)*(1-_xlpm.wB)*--(_xlpm.pLL<>0) + _xlpm.wA*(1-_xlpm.wB)*--(_xlpm.pUL<>0) + (1-_xlpm.wA)*_xlpm.wB*--(_xlpm.pLU<>0) + _xlpm.wA*_xlpm.wB*--(_xlpm.pUU<>0), _xlpm.interp, IF(_xlpm.den=0, NA(), _xlpm.num/_xlpm.den), IF(AV23>AV24, 1-_xlpm.interp, _xlpm.interp) ) -> 0.37724137 | BO23: =1-BO24 -> 0.55863004 | BP23: =1-BP24 -> 0.50094327 | BQ23: =1-BQ24 -> 0.44303515
AV24: =Projections!T26 -> 3.3752246 | BJ24: =IF(BN24=0.5,100,IF(BN24>0.5,-ROUND(100*BN24/(1-BN24),0),ROUND(100*(1-BN24)/BN24,0))) -> -165 | BK24: =IF(BO24=0.5,100,IF(BO24>0.5,-ROUND(100*BO24/(1-BO24),0),ROUND(100*(1-BO24)/BO24,0))) -> 127 | BL24: =IF(BP24=0.5,100,IF(BP24>0.5,-ROUND(100*BP24/(1-BP24),0),ROUND(100*(1-BP24)/BP24,0))) -> 100 | BM24: =IF(BQ24=0.5,100,IF(BQ24>0.5,-ROUND(100*BQ24/(1-BQ24),0),ROUND(100*(1-BQ24)/BQ24,0))) -> -126 | BN24: =1-BN23 -> 0.62275863 | BO24: =_xlfn.LET( _xlpm.a, MIN(AV23,AV24), _xlpm.b, MAX(AV23,AV24), _xlpm.wA, (_xlpm.a - FLOOR(_xlpm.a,0.05)) / 0.05, _xlpm.wB, (_xlpm.b - FLOOR(_xlpm.b,0.05)) / 0.05, _xlpm.aLo, FLOOR(_xlpm.a,0.05), _xlpm.aHi, CEILING(_xlpm.a,0.05), _xlpm.bLo, FLOOR(_xlpm.b,0.05), _xlpm.bHi, CEILING(_xlpm.b,0.05), _xlpm.pLL, SUMIFS($BU:$BU,$BR:$BR,_xlpm.aLo,$BS:$BS,_xlpm.bLo), _xlpm.pUL, SUMIFS($BU:$BU,$BR:$BR,_xlpm.aHi,$BS:$BS,_xlpm.bLo), _xlpm.pLU, SUMIFS($BU:$BU,$BR:$BR,_xlpm.aLo,$BS:$BS,_xlpm.bHi), _xlpm.pUU, SUMIFS($BU:$BU,$BR:$BR,_xlpm.aHi,$BS:$BS,_xlpm.bHi), _xlpm.num, (1-_xlpm.wA)*(1-_xlpm.wB)*_xlpm.pLL + _xlpm.wA*(1-_xlpm.wB)*_xlpm.pUL + (1-_xlpm.wA)*_xlpm.wB*_xlpm.pLU + _xlpm.wA*_xlpm.wB*_xlpm.pUU, _xlpm.den, (1-_xlpm.wA)*(1-_xlpm.wB)*--(_xlpm.pLL<>0) + _xlpm.wA*(1-_xlpm.wB)*--(_xlpm.pUL<>0) + (1-_xlpm.wA)*_xlpm.wB*--(_xlpm.pLU<>0) + _xlpm.wA*_xlpm.wB*--(_xlpm.pUU<>0), _xlpm.interp, IF(_xlpm.den=0, NA(), _xlpm.num/_xlpm.den), _xlpm.interp ) -> 0.44136996 | BP24: =_xlfn.LET( _xlpm.a, MIN(AV23,AV24), _xlpm.b, MAX(AV23,AV24), _xlpm.wA, (_xlpm.a - FLOOR(_xlpm.a,0.05)) / 0.05, _xlpm.wB, (_xlpm.b - FLOOR(_xlpm.b,0.05)) / 0.05, _xlpm.aLo, FLOOR(_xlpm.a,0.05), _xlpm.aHi, CEILING(_xlpm.a,0.05), _xlpm.bLo, FLOOR(_xlpm.b,0.05), _xlpm.bHi, CEILING(_xlpm.b,0.05), _xlpm.pLL, SUMIFS($BV:$BV,$BR:$BR,_xlpm.aLo,$BS:$BS,_xlpm.bLo), _xlpm.pUL, SUMIFS($BV:$BV,$BR:$BR,_xlpm.aHi,$BS:$BS,_xlpm.bLo), _xlpm.pLU, SUMIFS($BV:$BV,$BR:$BR,_xlpm.aLo,$BS:$BS,_xlpm.bHi), _xlpm.pUU, SUMIFS($BV:$BV,$BR:$BR,_xlpm.aHi,$BS:$BS,_xlpm.bHi), _xlpm.num, (1-_xlpm.wA)*(1-_xlpm.wB)*_xlpm.pLL + _xlpm.wA*(1-_xlpm.wB)*_xlpm.pUL + (1-_xlpm.wA)*_xlpm.wB*_xlpm.pLU + _xlpm.wA*_xlpm.wB*_xlpm.pUU, _xlpm.den, (1-_xlpm.wA)*(1-_xlpm.wB)*--(_xlpm.pLL<>0) + _xlpm.wA*(1-_xlpm.wB)*--(_xlpm.pUL<>0) + (1-_xlpm.wA)*_xlpm.wB*--(_xlpm.pLU<>0) + _xlpm.wA*_xlpm.wB*--(_xlpm.pUU<>0), _xlpm.interp, IF(_xlpm.den=0, NA(), _xlpm.num/_xlpm.den), _xlpm.interp ) -> 0.49905673 | BQ24: =_xlfn.LET( _xlpm.a, MIN(AV23,AV24), _xlpm.b, MAX(AV23,AV24), _xlpm.wA, (_xlpm.a - FLOOR(_xlpm.a,0.05)) / 0.05, _xlpm.wB, (_xlpm.b - FLOOR(_xlpm.b,0.05)) / 0.05, _xlpm.aLo, FLOOR(_xlpm.a,0.05), _xlpm.aHi, CEILING(_xlpm.a,0.05), _xlpm.bLo, FLOOR(_xlpm.b,0.05), _xlpm.bHi, CEILING(_xlpm.b,0.05), _xlpm.pLL, SUMIFS($BW:$BW,$BR:$BR,_xlpm.aLo,$BS:$BS,_xlpm.bLo), _xlpm.pUL, SUMIFS($BW:$BW,$BR:$BR,_xlpm.aHi,$BS:$BS,_xlpm.bLo), _xlpm.pLU, SUMIFS($BW:$BW,$BR:$BR,_xlpm.aLo,$BS:$BS,_xlpm.bHi), _xlpm.pUU, SUMIFS($BW:$BW,$BR:$BR,_xlpm.aHi,$BS:$BS,_xlpm.bHi), _xlpm.num, (1-_xlpm.wA)*(1-_xlpm.wB)*_xlpm.pLL + _xlpm.wA*(1-_xlpm.wB)*_xlpm.pUL + (1-_xlpm.wA)*_xlpm.wB*_xlpm.pLU + _xlpm.wA*_xlpm.wB*_xlpm.pUU, _xlpm.den, (1-_xlpm.wA)*(1-_xlpm.wB)*--(_xlpm.pLL<>0) + _xlpm.wA*(1-_xlpm.wB)*--(_xlpm.pUL<>0) + (1-_xlpm.wA)*_xlpm.wB*--(_xlpm.pLU<>0) + _xlpm.wA*_xlpm.wB*--(_xlpm.pUU<>0), _xlpm.interp, IF(_xlpm.den=0, NA(), _xlpm.num/_xlpm.den), _xlpm.interp ) -> 0.55696485
AV25: =Projections!T27 -> 2.2706318 | BJ25: =IF(BN25=0.5,100,IF(BN25>0.5,-ROUND(100*BN25/(1-BN25),0),ROUND(100*(1-BN25)/BN25,0))) -> 322 | BK25: =IF(BO25=0.5,100,IF(BO25>0.5,-ROUND(100*BO25/(1-BO25),0),ROUND(100*(1-BO25)/BO25,0))) -> -165 | BL25: =IF(BP25=0.5,100,IF(BP25>0.5,-ROUND(100*BP25/(1-BP25),0),ROUND(100*(1-BP25)/BP25,0))) -> -133 | BM25: =IF(BQ25=0.5,100,IF(BQ25>0.5,-ROUND(100*BQ25/(1-BQ25),0),ROUND(100*(1-BQ25)/BQ25,0))) -> -100 | BN25: =_xlfn.LET( _xlpm.a, MIN(AV25,AV26), _xlpm.b, MAX(AV25,AV26), _xlpm.wA, (_xlpm.a - FLOOR(_xlpm.a,0.05)) / 0.05, _xlpm.wB, (_xlpm.b - FLOOR(_xlpm.b,0.05)) / 0.05, _xlpm.aLo, FLOOR(_xlpm.a,0.05), _xlpm.aHi, CEILING(_xlpm.a,0.05), _xlpm.bLo, FLOOR(_xlpm.b,0.05), _xlpm.bHi, CEILING(_xlpm.b,0.05), _xlpm.pLL, SUMIFS($BT:$BT,$BR:$BR,_xlpm.aLo,$BS:$BS,_xlpm.bLo), _xlpm.pUL, SUMIFS($BT:$BT,$BR:$BR,_xlpm.aHi,$BS:$BS,_xlpm.bLo), _xlpm.pLU, SUMIFS($BT:$BT,$BR:$BR,_xlpm.aLo,$BS:$BS,_xlpm.bHi), _xlpm.pUU, SUMIFS($BT:$BT,$BR:$BR,_xlpm.aHi,$BS:$BS,_xlpm.bHi), _xlpm.num, (1-_xlpm.wA)*(1-_xlpm.wB)*_xlpm.pLL + _xlpm.wA*(1-_xlpm.wB)*_xlpm.pUL + (1-_xlpm.wA)*_xlpm.wB*_xlpm.pLU + _xlpm.wA*_xlpm.wB*_xlpm.pUU, _xlpm.den, (1-_xlpm.wA)*(1-_xlpm.wB)*--(_xlpm.pLL<>0) + _xlpm.wA*(1-_xlpm.wB)*--(_xlpm.pUL<>0) + (1-_xlpm.wA)*_xlpm.wB*--(_xlpm.pLU<>0) + _xlpm.wA*_xlpm.wB*--(_xlpm.pUU<>0), _xlpm.interp, IF(_xlpm.den=0, NA(), _xlpm.num/_xlpm.den), IF(AV25>AV26, 1-_xlpm.interp, _xlpm.interp) ) -> 0.23723278 | BO25: =1-BO26 -> 0.62278422 | BP25: =1-BP26 -> 0.57053522 | BQ25: =1-BQ26 -> 0.50111901
AV26: =Projections!T28 -> 4.128402 | BJ26: =IF(BN26=0.5,100,IF(BN26>0.5,-ROUND(100*BN26/(1-BN26),0),ROUND(100*(1-BN26)/BN26,0))) -> -322 | BK26: =IF(BO26=0.5,100,IF(BO26>0.5,-ROUND(100*BO26/(1-BO26),0),ROUND(100*(1-BO26)/BO26,0))) -> 165 | BL26: =IF(BP26=0.5,100,IF(BP26>0.5,-ROUND(100*BP26/(1-BP26),0),ROUND(100*(1-BP26)/BP26,0))) -> 133 | BM26: =IF(BQ26=0.5,100,IF(BQ26>0.5,-ROUND(100*BQ26/(1-BQ26),0),ROUND(100*(1-BQ26)/BQ26,0))) -> 100 | BN26: =1-BN25 -> 0.76276722 | BO26: =_xlfn.LET( _xlpm.a, MIN(AV25,AV26), _xlpm.b, MAX(AV25,AV26), _xlpm.wA, (_xlpm.a - FLOOR(_xlpm.a,0.05)) / 0.05, _xlpm.wB, (_xlpm.b - FLOOR(_xlpm.b,0.05)) / 0.05, _xlpm.aLo, FLOOR(_xlpm.a,0.05), _xlpm.aHi, CEILING(_xlpm.a,0.05), _xlpm.bLo, FLOOR(_xlpm.b,0.05), _xlpm.bHi, CEILING(_xlpm.b,0.05), _xlpm.pLL, SUMIFS($BU:$BU,$BR:$BR,_xlpm.aLo,$BS:$BS,_xlpm.bLo), _xlpm.pUL, SUMIFS($BU:$BU,$BR:$BR,_xlpm.aHi,$BS:$BS,_xlpm.bLo), _xlpm.pLU, SUMIFS($BU:$BU,$BR:$BR,_xlpm.aLo,$BS:$BS,_xlpm.bHi), _xlpm.pUU, SUMIFS($BU:$BU,$BR:$BR,_xlpm.aHi,$BS:$BS,_xlpm.bHi), _xlpm.num, (1-_xlpm.wA)*(1-_xlpm.wB)*_xlpm.pLL + _xlpm.wA*(1-_xlpm.wB)*_xlpm.pUL + (1-_xlpm.wA)*_xlpm.wB*_xlpm.pLU + _xlpm.wA*_xlpm.wB*_xlpm.pUU, _xlpm.den, (1-_xlpm.wA)*(1-_xlpm.wB)*--(_xlpm.pLL<>0) + _xlpm.wA*(1-_xlpm.wB)*--(_xlpm.pUL<>0) + (1-_xlpm.wA)*_xlpm.wB*--(_xlpm.pLU<>0) + _xlpm.wA*_xlpm.wB*--(_xlpm.pUU<>0), _xlpm.interp, IF(_xlpm.den=0, NA(), _xlpm.num/_xlpm.den), _xlpm.interp ) -> 0.37721578 | BP26: =_xlfn.LET( _xlpm.a, MIN(AV25,AV26), _xlpm.b, MAX(AV25,AV26), _xlpm.wA, (_xlpm.a - FLOOR(_xlpm.a,0.05)) / 0.05, _xlpm.wB, (_xlpm.b - FLOOR(_xlpm.b,0.05)) / 0.05, _xlpm.aLo, FLOOR(_xlpm.a,0.05), _xlpm.aHi, CEILING(_xlpm.a,0.05), _xlpm.bLo, FLOOR(_xlpm.b,0.05), _xlpm.bHi, CEILING(_xlpm.b,0.05), _xlpm.pLL, SUMIFS($BV:$BV,$BR:$BR,_xlpm.aLo,$BS:$BS,_xlpm.bLo), _xlpm.pUL, SUMIFS($BV:$BV,$BR:$BR,_xlpm.aHi,$BS:$BS,_xlpm.bLo), _xlpm.pLU, SUMIFS($BV:$BV,$BR:$BR,_xlpm.aLo,$BS:$BS,_xlpm.bHi), _xlpm.pUU, SUMIFS($BV:$BV,$BR:$BR,_xlpm.aHi,$BS:$BS,_xlpm.bHi), _xlpm.num, (1-_xlpm.wA)*(1-_xlpm.wB)*_xlpm.pLL + _xlpm.wA*(1-_xlpm.wB)*_xlpm.pUL + (1-_xlpm.wA)*_xlpm.wB*_xlpm.pLU + _xlpm.wA*_xlpm.wB*_xlpm.pUU, _xlpm.den, (1-_xlpm.wA)*(1-_xlpm.wB)*--(_xlpm.pLL<>0) + _xlpm.wA*(1-_xlpm.wB)*--(_xlpm.pUL<>0) + (1-_xlpm.wA)*_xlpm.wB*--(_xlpm.pLU<>0) + _xlpm.wA*_xlpm.wB*--(_xlpm.pUU<>0), _xlpm.interp, IF(_xlpm.den=0, NA(), _xlpm.num/_xlpm.den), _xlpm.interp ) -> 0.42946478 | BQ26: =_xlfn.LET( _xlpm.a, MIN(AV25,AV26), _xlpm.b, MAX(AV25,AV26), _xlpm.wA, (_xlpm.a - FLOOR(_xlpm.a,0.05)) / 0.05, _xlpm.wB, (_xlpm.b - FLOOR(_xlpm.b,0.05)) / 0.05, _xlpm.aLo, FLOOR(_xlpm.a,0.05), _xlpm.aHi, CEILING(_xlpm.a,0.05), _xlpm.bLo, FLOOR(_xlpm.b,0.05), _xlpm.bHi, CEILING(_xlpm.b,0.05), _xlpm.pLL, SUMIFS($BW:$BW,$BR:$BR,_xlpm.aLo,$BS:$BS,_xlpm.bLo), _xlpm.pUL, SUMIFS($BW:$BW,$BR:$BR,_xlpm.aHi,$BS:$BS,_xlpm.bLo), _xlpm.pLU, SUMIFS($BW:$BW,$BR:$BR,_xlpm.aLo,$BS:$BS,_xlpm.bHi), _xlpm.pUU, SUMIFS($BW:$BW,$BR:$BR,_xlpm.aHi,$BS:$BS,_xlpm.bHi), _xlpm.num, (1-_xlpm.wA)*(1-_xlpm.wB)*_xlpm.pLL + _xlpm.wA*(1-_xlpm.wB)*_xlpm.pUL + (1-_xlpm.wA)*_xlpm.wB*_xlpm.pLU + _xlpm.wA*_xlpm.wB*_xlpm.pUU, _xlpm.den, (1-_xlpm.wA)*(1-_xlpm.wB)*--(_xlpm.pLL<>0) + _xlpm.wA*(1-_xlpm.wB)*--(_xlpm.pUL<>0) + (1-_xlpm.wA)*_xlpm.wB*--(_xlpm.pLU<>0) + _xlpm.wA*_xlpm.wB*--(_xlpm.pUU<>0), _xlpm.interp, IF(_xlpm.den=0, NA(), _xlpm.num/_xlpm.den), _xlpm.interp ) -> 0.49888099
AV27: =Projections!T29 -> 3.1411337 | BJ27: =IF(BN27=0.5,100,IF(BN27>0.5,-ROUND(100*BN27/(1-BN27),0),ROUND(100*(1-BN27)/BN27,0))) -> -131 | BK27: =IF(BO27=0.5,100,IF(BO27>0.5,-ROUND(100*BO27/(1-BO27),0),ROUND(100*(1-BO27)/BO27,0))) -> -120 | BL27: =IF(BP27=0.5,100,IF(BP27>0.5,-ROUND(100*BP27/(1-BP27),0),ROUND(100*(1-BP27)/BP27,0))) -> 105 | BM27: =IF(BQ27=0.5,100,IF(BQ27>0.5,-ROUND(100*BQ27/(1-BQ27),0),ROUND(100*(1-BQ27)/BQ27,0))) -> 132 | BN27: =_xlfn.LET( _xlpm.a, MIN(AV27,AV28), _xlpm.b, MAX(AV27,AV28), _xlpm.wA, (_xlpm.a - FLOOR(_xlpm.a,0.05)) / 0.05, _xlpm.wB, (_xlpm.b - FLOOR(_xlpm.b,0.05)) / 0.05, _xlpm.aLo, FLOOR(_xlpm.a,0.05), _xlpm.aHi, CEILING(_xlpm.a,0.05), _xlpm.bLo, FLOOR(_xlpm.b,0.05), _xlpm.bHi, CEILING(_xlpm.b,0.05), _xlpm.pLL, SUMIFS($BT:$BT,$BR:$BR,_xlpm.aLo,$BS:$BS,_xlpm.bLo), _xlpm.pUL, SUMIFS($BT:$BT,$BR:$BR,_xlpm.aHi,$BS:$BS,_xlpm.bLo), _xlpm.pLU, SUMIFS($BT:$BT,$BR:$BR,_xlpm.aLo,$BS:$BS,_xlpm.bHi), _xlpm.pUU, SUMIFS($BT:$BT,$BR:$BR,_xlpm.aHi,$BS:$BS,_xlpm.bHi), _xlpm.num, (1-_xlpm.wA)*(1-_xlpm.wB)*_xlpm.pLL + _xlpm.wA*(1-_xlpm.wB)*_xlpm.pUL + (1-_xlpm.wA)*_xlpm.wB*_xlpm.pLU + _xlpm.wA*_xlpm.wB*_xlpm.pUU, _xlpm.den, (1-_xlpm.wA)*(1-_xlpm.wB)*--(_xlpm.pLL<>0) + _xlpm.wA*(1-_xlpm.wB)*--(_xlpm.pUL<>0) + (1-_xlpm.wA)*_xlpm.wB*--(_xlpm.pLU<>0) + _xlpm.wA*_xlpm.wB*--(_xlpm.pUU<>0), _xlpm.interp, IF(_xlpm.den=0, NA(), _xlpm.num/_xlpm.den), IF(AV27>AV28, 1-_xlpm.interp, _xlpm.interp) ) -> 0.56675112 | BO27: =1-BO28 -> 0.54465305 | BP27: =1-BP28 -> 0.48669468 | BQ27: =1-BQ28 -> 0.43173782
AV28: =Projections!T30 -> 2.7540593 | BJ28: =IF(BN28=0.5,100,IF(BN28>0.5,-ROUND(100*BN28/(1-BN28),0),ROUND(100*(1-BN28)/BN28,0))) -> 131 | BK28: =IF(BO28=0.5,100,IF(BO28>0.5,-ROUND(100*BO28/(1-BO28),0),ROUND(100*(1-BO28)/BO28,0))) -> 120 | BL28: =IF(BP28=0.5,100,IF(BP28>0.5,-ROUND(100*BP28/(1-BP28),0),ROUND(100*(1-BP28)/BP28,0))) -> -105 | BM28: =IF(BQ28=0.5,100,IF(BQ28>0.5,-ROUND(100*BQ28/(1-BQ28),0),ROUND(100*(1-BQ28)/BQ28,0))) -> -132 | BN28: =1-BN27 -> 0.43324888 | BO28: =_xlfn.LET( _xlpm.a, MIN(AV27,AV28), _xlpm.b, MAX(AV27,AV28), _xlpm.wA, (_xlpm.a - FLOOR(_xlpm.a,0.05)) / 0.05, _xlpm.wB, (_xlpm.b - FLOOR(_xlpm.b,0.05)) / 0.05, _xlpm.aLo, FLOOR(_xlpm.a,0.05), _xlpm.aHi, CEILING(_xlpm.a,0.05), _xlpm.bLo, FLOOR(_xlpm.b,0.05), _xlpm.bHi, CEILING(_xlpm.b,0.05), _xlpm.pLL, SUMIFS($BU:$BU,$BR:$BR,_xlpm.aLo,$BS:$BS,_xlpm.bLo), _xlpm.pUL, SUMIFS($BU:$BU,$BR:$BR,_xlpm.aHi,$BS:$BS,_xlpm.bLo), _xlpm.pLU, SUMIFS($BU:$BU,$BR:$BR,_xlpm.aLo,$BS:$BS,_xlpm.bHi), _xlpm.pUU, SUMIFS($BU:$BU,$BR:$BR,_xlpm.aHi,$BS:$BS,_xlpm.bHi), _xlpm.num, (1-_xlpm.wA)*(1-_xlpm.wB)*_xlpm.pLL + _xlpm.wA*(1-_xlpm.wB)*_xlpm.pUL + (1-_xlpm.wA)*_xlpm.wB*_xlpm.pLU + _xlpm.wA*_xlpm.wB*_xlpm.pUU, _xlpm.den, (1-_xlpm.wA)*(1-_xlpm.wB)*--(_xlpm.pLL<>0) + _xlpm.wA*(1-_xlpm.wB)*--(_xlpm.pUL<>0) + (1-_xlpm.wA)*_xlpm.wB*--(_xlpm.pLU<>0) + _xlpm.wA*_xlpm.wB*--(_xlpm.pUU<>0), _xlpm.interp, IF(_xlpm.den=0, NA(), _xlpm.num/_xlpm.den), _xlpm.interp ) -> 0.45534695 | BP28: =_xlfn.LET( _xlpm.a, MIN(AV27,AV28), _xlpm.b, MAX(AV27,AV28), _xlpm.wA, (_xlpm.a - FLOOR(_xlpm.a,0.05)) / 0.05, _xlpm.wB, (_xlpm.b - FLOOR(_xlpm.b,0.05)) / 0.05, _xlpm.aLo, FLOOR(_xlpm.a,0.05), _xlpm.aHi, CEILING(_xlpm.a,0.05), _xlpm.bLo, FLOOR(_xlpm.b,0.05), _xlpm.bHi, CEILING(_xlpm.b,0.05), _xlpm.pLL, SUMIFS($BV:$BV,$BR:$BR,_xlpm.aLo,$BS:$BS,_xlpm.bLo), _xlpm.pUL, SUMIFS($BV:$BV,$BR:$BR,_xlpm.aHi,$BS:$BS,_xlpm.bLo), _xlpm.pLU, SUMIFS($BV:$BV,$BR:$BR,_xlpm.aLo,$BS:$BS,_xlpm.bHi), _xlpm.pUU, SUMIFS($BV:$BV,$BR:$BR,_xlpm.aHi,$BS:$BS,_xlpm.bHi), _xlpm.num, (1-_xlpm.wA)*(1-_xlpm.wB)*_xlpm.pLL + _xlpm.wA*(1-_xlpm.wB)*_xlpm.pUL + (1-_xlpm.wA)*_xlpm.wB*_xlpm.pLU + _xlpm.wA*_xlpm.wB*_xlpm.pUU, _xlpm.den, (1-_xlpm.wA)*(1-_xlpm.wB)*--(_xlpm.pLL<>0) + _xlpm.wA*(1-_xlpm.wB)*--(_xlpm.pUL<>0) + (1-_xlpm.wA)*_xlpm.wB*--(_xlpm.pLU<>0) + _xlpm.wA*_xlpm.wB*--(_xlpm.pUU<>0), _xlpm.interp, IF(_xlpm.den=0, NA(), _xlpm.num/_xlpm.den), _xlpm.interp ) -> 0.51330532 | BQ28: =_xlfn.LET( _xlpm.a, MIN(AV27,AV28), _xlpm.b, MAX(AV27,AV28), _xlpm.wA, (_xlpm.a - FLOOR(_xlpm.a,0.05)) / 0.05, _xlpm.wB, (_xlpm.b - FLOOR(_xlpm.b,0.05)) / 0.05, _xlpm.aLo, FLOOR(_xlpm.a,0.05), _xlpm.aHi, CEILING(_xlpm.a,0.05), _xlpm.bLo, FLOOR(_xlpm.b,0.05), _xlpm.bHi, CEILING(_xlpm.b,0.05), _xlpm.pLL, SUMIFS($BW:$BW,$BR:$BR,_xlpm.aLo,$BS:$BS,_xlpm.bLo), _xlpm.pUL, SUMIFS($BW:$BW,$BR:$BR,_xlpm.aHi,$BS:$BS,_xlpm.bLo), _xlpm.pLU, SUMIFS($BW:$BW,$BR:$BR,_xlpm.aLo,$BS:$BS,_xlpm.bHi), _xlpm.pUU, SUMIFS($BW:$BW,$BR:$BR,_xlpm.aHi,$BS:$BS,_xlpm.bHi), _xlpm.num, (1-_xlpm.wA)*(1-_xlpm.wB)*_xlpm.pLL + _xlpm.wA*(1-_xlpm.wB)*_xlpm.pUL + (1-_xlpm.wA)*_xlpm.wB*_xlpm.pLU + _xlpm.wA*_xlpm.wB*_xlpm.pUU, _xlpm.den, (1-_xlpm.wA)*(1-_xlpm.wB)*--(_xlpm.pLL<>0) + _xlpm.wA*(1-_xlpm.wB)*--(_xlpm.pUL<>0) + (1-_xlpm.wA)*_xlpm.wB*--(_xlpm.pLU<>0) + _xlpm.wA*_xlpm.wB*--(_xlpm.pUU<>0), _xlpm.interp, IF(_xlpm.den=0, NA(), _xlpm.num/_xlpm.den), _xlpm.interp ) -> 0.56826218
AV29: =Projections!T31 -> 3.0174082 | BJ29: =IF(BN29=0.5,100,IF(BN29>0.5,-ROUND(100*BN29/(1-BN29),0),ROUND(100*(1-BN29)/BN29,0))) -> #N/A | BK29: =IF(BO29=0.5,100,IF(BO29>0.5,-ROUND(100*BO29/(1-BO29),0),ROUND(100*(1-BO29)/BO29,0))) -> #N/A | BL29: =IF(BP29=0.5,100,IF(BP29>0.5,-ROUND(100*BP29/(1-BP29),0),ROUND(100*(1-BP29)/BP29,0))) -> #N/A | BM29: =IF(BQ29=0.5,100,IF(BQ29>0.5,-ROUND(100*BQ29/(1-BQ29),0),ROUND(100*(1-BQ29)/BQ29,0))) -> #N/A | BN29: =_xlfn.LET( _xlpm.a, MIN(AV29,AV30), _xlpm.b, MAX(AV29,AV30), _xlpm.wA, (_xlpm.a - FLOOR(_xlpm.a,0.05)) / 0.05, _xlpm.wB, (_xlpm.b - FLOOR(_xlpm.b,0.05)) / 0.05, _xlpm.aLo, FLOOR(_xlpm.a,0.05), _xlpm.aHi, CEILING(_xlpm.a,0.05), _xlpm.bLo, FLOOR(_xlpm.b,0.05), _xlpm.bHi, CEILING(_xlpm.b,0.05), _xlpm.pLL, SUMIFS($BT:$BT,$BR:$BR,_xlpm.aLo,$BS:$BS,_xlpm.bLo), _xlpm.pUL, SUMIFS($BT:$BT,$BR:$BR,_xlpm.aHi,$BS:$BS,_xlpm.bLo), _xlpm.pLU, SUMIFS($BT:$BT,$BR:$BR,_xlpm.aLo,$BS:$BS,_xlpm.bHi), _xlpm.pUU, SUMIFS($BT:$BT,$BR:$BR,_xlpm.aHi,$BS:$BS,_xlpm.bHi), _xlpm.num, (1-_xlpm.wA)*(1-_xlpm.wB)*_xlpm.pLL + _xlpm.wA*(1-_xlpm.wB)*_xlpm.pUL + (1-_xlpm.wA)*_xlpm.wB*_xlpm.pLU + _xlpm.wA*_xlpm.wB*_xlpm.pUU, _xlpm.den, (1-_xlpm.wA)*(1-_xlpm.wB)*--(_xlpm.pLL<>0) + _xlpm.wA*(1-_xlpm.wB)*--(_xlpm.pUL<>0) + (1-_xlpm.wA)*_xlpm.wB*--(_xlpm.pLU<>0) + _xlpm.wA*_xlpm.wB*--(_xlpm.pUU<>0), _xlpm.interp, IF(_xlpm.den=0, NA(), _xlpm.num/_xlpm.den), IF(AV29>AV30, 1-_xlpm.interp, _xlpm.interp) ) -> #N/A | BO29: =1-BO30 -> #N/A | BP29: =1-BP30 -> #N/A | BQ29: =1-BQ30 -> #N/A
AV30: =Projections!T32 -> 6.4765387 | BJ30: =IF(BN30=0.5,100,IF(BN30>0.5,-ROUND(100*BN30/(1-BN30),0),ROUND(100*(1-BN30)/BN30,0))) -> #N/A | BK30: =IF(BO30=0.5,100,IF(BO30>0.5,-ROUND(100*BO30/(1-BO30),0),ROUND(100*(1-BO30)/BO30,0))) -> #N/A | BL30: =IF(BP30=0.5,100,IF(BP30>0.5,-ROUND(100*BP30/(1-BP30),0),ROUND(100*(1-BP30)/BP30,0))) -> #N/A | BM30: =IF(BQ30=0.5,100,IF(BQ30>0.5,-ROUND(100*BQ30/(1-BQ30),0),ROUND(100*(1-BQ30)/BQ30,0))) -> #N/A | BN30: =1-BN29 -> #N/A | BO30: =_xlfn.LET( _xlpm.a, MIN(AV29,AV30), _xlpm.b, MAX(AV29,AV30), _xlpm.wA, (_xlpm.a - FLOOR(_xlpm.a,0.05)) / 0.05, _xlpm.wB, (_xlpm.b - FLOOR(_xlpm.b,0.05)) / 0.05, _xlpm.aLo, FLOOR(_xlpm.a,0.05), _xlpm.aHi, CEILING(_xlpm.a,0.05), _xlpm.bLo, FLOOR(_xlpm.b,0.05), _xlpm.bHi, CEILING(_xlpm.b,0.05), _xlpm.pLL, SUMIFS($BU:$BU,$BR:$BR,_xlpm.aLo,$BS:$BS,_xlpm.bLo), _xlpm.pUL, SUMIFS($BU:$BU,$BR:$BR,_xlpm.aHi,$BS:$BS,_xlpm.bLo), _xlpm.pLU, SUMIFS($BU:$BU,$BR:$BR,_xlpm.aLo,$BS:$BS,_xlpm.bHi), _xlpm.pUU, SUMIFS($BU:$BU,$BR:$BR,_xlpm.aHi,$BS:$BS,_xlpm.bHi), _xlpm.num, (1-_xlpm.wA)*(1-_xlpm.wB)*_xlpm.pLL + _xlpm.wA*(1-_xlpm.wB)*_xlpm.pUL + (1-_xlpm.wA)*_xlpm.wB*_xlpm.pLU + _xlpm.wA*_xlpm.wB*_xlpm.pUU, _xlpm.den, (1-_xlpm.wA)*(1-_xlpm.wB)*--(_xlpm.pLL<>0) + _xlpm.wA*(1-_xlpm.wB)*--(_xlpm.pUL<>0) + (1-_xlpm.wA)*_xlpm.wB*--(_xlpm.pLU<>0) + _xlpm.wA*_xlpm.wB*--(_xlpm.pUU<>0), _xlpm.interp, IF(_xlpm.den=0, NA(), _xlpm.num/_xlpm.den), _xlpm.interp ) -> #N/A | BP30: =_xlfn.LET( _xlpm.a, MIN(AV29,AV30), _xlpm.b, MAX(AV29,AV30), _xlpm.wA, (_xlpm.a - FLOOR(_xlpm.a,0.05)) / 0.05, _xlpm.wB, (_xlpm.b - FLOOR(_xlpm.b,0.05)) / 0.05, _xlpm.aLo, FLOOR(_xlpm.a,0.05), _xlpm.aHi, CEILING(_xlpm.a,0.05), _xlpm.bLo, FLOOR(_xlpm.b,0.05), _xlpm.bHi, CEILING(_xlpm.b,0.05), _xlpm.pLL, SUMIFS($BV:$BV,$BR:$BR,_xlpm.aLo,$BS:$BS,_xlpm.bLo), _xlpm.pUL, SUMIFS($BV:$BV,$BR:$BR,_xlpm.aHi,$BS:$BS,_xlpm.bLo), _xlpm.pLU, SUMIFS($BV:$BV,$BR:$BR,_xlpm.aLo,$BS:$BS,_xlpm.bHi), _xlpm.pUU, SUMIFS($BV:$BV,$BR:$BR,_xlpm.aHi,$BS:$BS,_xlpm.bHi), _xlpm.num, (1-_xlpm.wA)*(1-_xlpm.wB)*_xlpm.pLL + _xlpm.wA*(1-_xlpm.wB)*_xlpm.pUL + (1-_xlpm.wA)*_xlpm.wB*_xlpm.pLU + _xlpm.wA*_xlpm.wB*_xlpm.pUU, _xlpm.den, (1-_xlpm.wA)*(1-_xlpm.wB)*--(_xlpm.pLL<>0) + _xlpm.wA*(1-_xlpm.wB)*--(_xlpm.pUL<>0) + (1-_xlpm.wA)*_xlpm.wB*--(_xlpm.pLU<>0) + _xlpm.wA*_xlpm.wB*--(_xlpm.pUU<>0), _xlpm.interp, IF(_xlpm.den=0, NA(), _xlpm.num/_xlpm.den), _xlpm.interp ) -> #N/A | BQ30: =_xlfn.LET( _xlpm.a, MIN(AV29,AV30), _xlpm.b, MAX(AV29,AV30), _xlpm.wA, (_xlpm.a - FLOOR(_xlpm.a,0.05)) / 0.05, _xlpm.wB, (_xlpm.b - FLOOR(_xlpm.b,0.05)) / 0.05, _xlpm.aLo, FLOOR(_xlpm.a,0.05), _xlpm.aHi, CEILING(_xlpm.a,0.05), _xlpm.bLo, FLOOR(_xlpm.b,0.05), _xlpm.bHi, CEILING(_xlpm.b,0.05), _xlpm.pLL, SUMIFS($BW:$BW,$BR:$BR,_xlpm.aLo,$BS:$BS,_xlpm.bLo), _xlpm.pUL, SUMIFS($BW:$BW,$BR:$BR,_xlpm.aHi,$BS:$BS,_xlpm.bLo), _xlpm.pLU, SUMIFS($BW:$BW,$BR:$BR,_xlpm.aLo,$BS:$BS,_xlpm.bHi), _xlpm.pUU, SUMIFS($BW:$BW,$BR:$BR,_xlpm.aHi,$BS:$BS,_xlpm.bHi), _xlpm.num, (1-_xlpm.wA)*(1-_xlpm.wB)*_xlpm.pLL + _xlpm.wA*(1-_xlpm.wB)*_xlpm.pUL + (1-_xlpm.wA)*_xlpm.wB*_xlpm.pLU + _xlpm.wA*_xlpm.wB*_xlpm.pUU, _xlpm.den, (1-_xlpm.wA)*(1-_xlpm.wB)*--(_xlpm.pLL<>0) + _xlpm.wA*(1-_xlpm.wB)*--(_xlpm.pUL<>0) + (1-_xlpm.wA)*_xlpm.wB*--(_xlpm.pLU<>0) + _xlpm.wA*_xlpm.wB*--(_xlpm.pUU<>0), _xlpm.interp, IF(_xlpm.den=0, NA(), _xlpm.num/_xlpm.den), _xlpm.interp ) -> #N/A
AV31: =Projections!T33 -> 3.1117181 | BJ31: =IF(BN31=0.5,100,IF(BN31>0.5,-ROUND(100*BN31/(1-BN31),0),ROUND(100*(1-BN31)/BN31,0))) -> -132 | BK31: =IF(BO31=0.5,100,IF(BO31>0.5,-ROUND(100*BO31/(1-BO31),0),ROUND(100*(1-BO31)/BO31,0))) -> -113 | BL31: =IF(BP31=0.5,100,IF(BP31>0.5,-ROUND(100*BP31/(1-BP31),0),ROUND(100*(1-BP31)/BP31,0))) -> 113 | BM31: =IF(BQ31=0.5,100,IF(BQ31>0.5,-ROUND(100*BQ31/(1-BQ31),0),ROUND(100*(1-BQ31)/BQ31,0))) -> 140 | BN31: =_xlfn.LET( _xlpm.a, MIN(AV31,AV32), _xlpm.b, MAX(AV31,AV32), _xlpm.wA, (_xlpm.a - FLOOR(_xlpm.a,0.05)) / 0.05, _xlpm.wB, (_xlpm.b - FLOOR(_xlpm.b,0.05)) / 0.05, _xlpm.aLo, FLOOR(_xlpm.a,0.05), _xlpm.aHi, CEILING(_xlpm.a,0.05), _xlpm.bLo, FLOOR(_xlpm.b,0.05), _xlpm.bHi, CEILING(_xlpm.b,0.05), _xlpm.pLL, SUMIFS($BT:$BT,$BR:$BR,_xlpm.aLo,$BS:$BS,_xlpm.bLo), _xlpm.pUL, SUMIFS($BT:$BT,$BR:$BR,_xlpm.aHi,$BS:$BS,_xlpm.bLo), _xlpm.pLU, SUMIFS($BT:$BT,$BR:$BR,_xlpm.aLo,$BS:$BS,_xlpm.bHi), _xlpm.pUU, SUMIFS($BT:$BT,$BR:$BR,_xlpm.aHi,$BS:$BS,_xlpm.bHi), _xlpm.num, (1-_xlpm.wA)*(1-_xlpm.wB)*_xlpm.pLL + _xlpm.wA*(1-_xlpm.wB)*_xlpm.pUL + (1-_xlpm.wA)*_xlpm.wB*_xlpm.pLU + _xlpm.wA*_xlpm.wB*_xlpm.pUU, _xlpm.den, (1-_xlpm.wA)*(1-_xlpm.wB)*--(_xlpm.pLL<>0) + _xlpm.wA*(1-_xlpm.wB)*--(_xlpm.pUL<>0) + (1-_xlpm.wA)*_xlpm.wB*--(_xlpm.pLU<>0) + _xlpm.wA*_xlpm.wB*--(_xlpm.pUU<>0), _xlpm.interp, IF(_xlpm.den=0, NA(), _xlpm.num/_xlpm.den), IF(AV31>AV32, 1-_xlpm.interp, _xlpm.interp) ) -> 0.56988077 | BO31: =1-BO32 -> 0.53051809 | BP31: =1-BP32 -> 0.47035199 | BQ31: =1-BQ32 -> 0.41691737
AV32: =Projections!T34 -> 2.6903545 | BJ32: =IF(BN32=0.5,100,IF(BN32>0.5,-ROUND(100*BN32/(1-BN32),0),ROUND(100*(1-BN32)/BN32,0))) -> 132 | BK32: =IF(BO32=0.5,100,IF(BO32>0.5,-ROUND(100*BO32/(1-BO32),0),ROUND(100*(1-BO32)/BO32,0))) -> 113 | BL32: =IF(BP32=0.5,100,IF(BP32>0.5,-ROUND(100*BP32/(1-BP32),0),ROUND(100*(1-BP32)/BP32,0))) -> -113 | BM32: =IF(BQ32=0.5,100,IF(BQ32>0.5,-ROUND(100*BQ32/(1-BQ32),0),ROUND(100*(1-BQ32)/BQ32,0))) -> -140 | BN32: =1-BN31 -> 0.43011923 | BO32: =_xlfn.LET( _xlpm.a, MIN(AV31,AV32), _xlpm.b, MAX(AV31,AV32), _xlpm.wA, (_xlpm.a - FLOOR(_xlpm.a,0.05)) / 0.05, _xlpm.wB, (_xlpm.b - FLOOR(_xlpm.b,0.05)) / 0.05, _xlpm.aLo, FLOOR(_xlpm.a,0.05), _xlpm.aHi, CEILING(_xlpm.a,0.05), _xlpm.bLo, FLOOR(_xlpm.b,0.05), _xlpm.bHi, CEILING(_xlpm.b,0.05), _xlpm.pLL, SUMIFS($BU:$BU,$BR:$BR,_xlpm.aLo,$BS:$BS,_xlpm.bLo), _xlpm.pUL, SUMIFS($BU:$BU,$BR:$BR,_xlpm.aHi,$BS:$BS,_xlpm.bLo), _xlpm.pLU, SUMIFS($BU:$BU,$BR:$BR,_xlpm.aLo,$BS:$BS,_xlpm.bHi), _xlpm.pUU, SUMIFS($BU:$BU,$BR:$BR,_xlpm.aHi,$BS:$BS,_xlpm.bHi), _xlpm.num, (1-_xlpm.wA)*(1-_xlpm.wB)*_xlpm.pLL + _xlpm.wA*(1-_xlpm.wB)*_xlpm.pUL + (1-_xlpm.wA)*_xlpm.wB*_xlpm.pLU + _xlpm.wA*_xlpm.wB*_xlpm.pUU, _xlpm.den, (1-_xlpm.wA)*(1-_xlpm.wB)*--(_xlpm.pLL<>0) + _xlpm.wA*(1-_xlpm.wB)*--(_xlpm.pUL<>0) + (1-_xlpm.wA)*_xlpm.wB*--(_xlpm.pLU<>0) + _xlpm.wA*_xlpm.wB*--(_xlpm.pUU<>0), _xlpm.interp, IF(_xlpm.den=0, NA(), _xlpm.num/_xlpm.den), _xlpm.interp ) -> 0.46948191 | BP32: =_xlfn.LET( _xlpm.a, MIN(AV31,AV32), _xlpm.b, MAX(AV31,AV32), _xlpm.wA, (_xlpm.a - FLOOR(_xlpm.a,0.05)) / 0.05, _xlpm.wB, (_xlpm.b - FLOOR(_xlpm.b,0.05)) / 0.05, _xlpm.aLo, FLOOR(_xlpm.a,0.05), _xlpm.aHi, CEILING(_xlpm.a,0.05), _xlpm.bLo, FLOOR(_xlpm.b,0.05), _xlpm.bHi, CEILING(_xlpm.b,0.05), _xlpm.pLL, SUMIFS($BV:$BV,$BR:$BR,_xlpm.aLo,$BS:$BS,_xlpm.bLo), _xlpm.pUL, SUMIFS($BV:$BV,$BR:$BR,_xlpm.aHi,$BS:$BS,_xlpm.bLo), _xlpm.pLU, SUMIFS($BV:$BV,$BR:$BR,_xlpm.aLo,$BS:$BS,_xlpm.bHi), _xlpm.pUU, SUMIFS($BV:$BV,$BR:$BR,_xlpm.aHi,$BS:$BS,_xlpm.bHi), _xlpm.num, (1-_xlpm.wA)*(1-_xlpm.wB)*_xlpm.pLL + _xlpm.wA*(1-_xlpm.wB)*_xlpm.pUL + (1-_xlpm.wA)*_xlpm.wB*_xlpm.pLU + _xlpm.wA*_xlpm.wB*_xlpm.pUU, _xlpm.den, (1-_xlpm.wA)*(1-_xlpm.wB)*--(_xlpm.pLL<>0) + _xlpm.wA*(1-_xlpm.wB)*--(_xlpm.pUL<>0) + (1-_xlpm.wA)*_xlpm.wB*--(_xlpm.pLU<>0) + _xlpm.wA*_xlpm.wB*--(_xlpm.pUU<>0), _xlpm.interp, IF(_xlpm.den=0, NA(), _xlpm.num/_xlpm.den), _xlpm.interp ) -> 0.52964801 | BQ32: =_xlfn.LET( _xlpm.a, MIN(AV31,AV32), _xlpm.b, MAX(AV31,AV32), _xlpm.wA, (_xlpm.a - FLOOR(_xlpm.a,0.05)) / 0.05, _xlpm.wB, (_xlpm.b - FLOOR(_xlpm.b,0.05)) / 0.05, _xlpm.aLo, FLOOR(_xlpm.a,0.05), _xlpm.aHi, CEILING(_xlpm.a,0.05), _xlpm.bLo, FLOOR(_xlpm.b,0.05), _xlpm.bHi, CEILING(_xlpm.b,0.05), _xlpm.pLL, SUMIFS($BW:$BW,$BR:$BR,_xlpm.aLo,$BS:$BS,_xlpm.bLo), _xlpm.pUL, SUMIFS($BW:$BW,$BR:$BR,_xlpm.aHi,$BS:$BS,_xlpm.bLo), _xlpm.pLU, SUMIFS($BW:$BW,$BR:$BR,_xlpm.aLo,$BS:$BS,_xlpm.bHi), _xlpm.pUU, SUMIFS($BW:$BW,$BR:$BR,_xlpm.aHi,$BS:$BS,_xlpm.bHi), _xlpm.num, (1-_xlpm.wA)*(1-_xlpm.wB)*_xlpm.pLL + _xlpm.wA*(1-_xlpm.wB)*_xlpm.pUL + (1-_xlpm.wA)*_xlpm.wB*_xlpm.pLU + _xlpm.wA*_xlpm.wB*_xlpm.pUU, _xlpm.den, (1-_xlpm.wA)*(1-_xlpm.wB)*--(_xlpm.pLL<>0) + _xlpm.wA*(1-_xlpm.wB)*--(_xlpm.pUL<>0) + (1-_xlpm.wA)*_xlpm.wB*--(_xlpm.pLU<>0) + _xlpm.wA*_xlpm.wB*--(_xlpm.pUU<>0), _xlpm.interp, IF(_xlpm.den=0, NA(), _xlpm.num/_xlpm.den), _xlpm.interp ) -> 0.58308263
AV33: =Projections!T35 -> 3.1185334 | BJ33: =IF(BN33=0.5,100,IF(BN33>0.5,-ROUND(100*BN33/(1-BN33),0),ROUND(100*(1-BN33)/BN33,0))) -> -106 | BK33: =IF(BO33=0.5,100,IF(BO33>0.5,-ROUND(100*BO33/(1-BO33),0),ROUND(100*(1-BO33)/BO33,0))) -> -144 | BL33: =IF(BP33=0.5,100,IF(BP33>0.5,-ROUND(100*BP33/(1-BP33),0),ROUND(100*(1-BP33)/BP33,0))) -> -117 | BM33: =IF(BQ33=0.5,100,IF(BQ33>0.5,-ROUND(100*BQ33/(1-BQ33),0),ROUND(100*(1-BQ33)/BQ33,0))) -> 109 | BN33: =_xlfn.LET( _xlpm.a, MIN(AV33,AV34), _xlpm.b, MAX(AV33,AV34), _xlpm.wA, (_xlpm.a - FLOOR(_xlpm.a,0.05)) / 0.05, _xlpm.wB, (_xlpm.b - FLOOR(_xlpm.b,0.05)) / 0.05, _xlpm.aLo, FLOOR(_xlpm.a,0.05), _xlpm.aHi, CEILING(_xlpm.a,0.05), _xlpm.bLo, FLOOR(_xlpm.b,0.05), _xlpm.bHi, CEILING(_xlpm.b,0.05), _xlpm.pLL, SUMIFS($BT:$BT,$BR:$BR,_xlpm.aLo,$BS:$BS,_xlpm.bLo), _xlpm.pUL, SUMIFS($BT:$BT,$BR:$BR,_xlpm.aHi,$BS:$BS,_xlpm.bLo), _xlpm.pLU, SUMIFS($BT:$BT,$BR:$BR,_xlpm.aLo,$BS:$BS,_xlpm.bHi), _xlpm.pUU, SUMIFS($BT:$BT,$BR:$BR,_xlpm.aHi,$BS:$BS,_xlpm.bHi), _xlpm.num, (1-_xlpm.wA)*(1-_xlpm.wB)*_xlpm.pLL + _xlpm.wA*(1-_xlpm.wB)*_xlpm.pUL + (1-_xlpm.wA)*_xlpm.wB*_xlpm.pLU + _xlpm.wA*_xlpm.wB*_xlpm.pUU, _xlpm.den, (1-_xlpm.wA)*(1-_xlpm.wB)*--(_xlpm.pLL<>0) + _xlpm.wA*(1-_xlpm.wB)*--(_xlpm.pUL<>0) + (1-_xlpm.wA)*_xlpm.wB*--(_xlpm.pLU<>0) + _xlpm.wA*_xlpm.wB*--(_xlpm.pUU<>0), _xlpm.interp, IF(_xlpm.den=0, NA(), _xlpm.num/_xlpm.den), IF(AV33>AV34, 1-_xlpm.interp, _xlpm.interp) ) -> 0.51456869 | BO33: =1-BO34 -> 0.59025546 | BP33: =1-BP34 -> 0.53845931 | BQ33: =1-BQ34 -> 0.4780334
AV34: =Projections!T36 -> 3.0629073 | BJ34: =IF(BN34=0.5,100,IF(BN34>0.5,-ROUND(100*BN34/(1-BN34),0),ROUND(100*(1-BN34)/BN34,0))) -> 106 | BK34: =IF(BO34=0.5,100,IF(BO34>0.5,-ROUND(100*BO34/(1-BO34),0),ROUND(100*(1-BO34)/BO34,0))) -> 144 | BL34: =IF(BP34=0.5,100,IF(BP34>0.5,-ROUND(100*BP34/(1-BP34),0),ROUND(100*(1-BP34)/BP34,0))) -> 117 | BM34: =IF(BQ34=0.5,100,IF(BQ34>0.5,-ROUND(100*BQ34/(1-BQ34),0),ROUND(100*(1-BQ34)/BQ34,0))) -> -109 | BN34: =1-BN33 -> 0.48543131 | BO34: =_xlfn.LET( _xlpm.a, MIN(AV33,AV34), _xlpm.b, MAX(AV33,AV34), _xlpm.wA, (_xlpm.a - FLOOR(_xlpm.a,0.05)) / 0.05, _xlpm.wB, (_xlpm.b - FLOOR(_xlpm.b,0.05)) / 0.05, _xlpm.aLo, FLOOR(_xlpm.a,0.05), _xlpm.aHi, CEILING(_xlpm.a,0.05), _xlpm.bLo, FLOOR(_xlpm.b,0.05), _xlpm.bHi, CEILING(_xlpm.b,0.05), _xlpm.pLL, SUMIFS($BU:$BU,$BR:$BR,_xlpm.aLo,$BS:$BS,_xlpm.bLo), _xlpm.pUL, SUMIFS($BU:$BU,$BR:$BR,_xlpm.aHi,$BS:$BS,_xlpm.bLo), _xlpm.pLU, SUMIFS($BU:$BU,$BR:$BR,_xlpm.aLo,$BS:$BS,_xlpm.bHi), _xlpm.pUU, SUMIFS($BU:$BU,$BR:$BR,_xlpm.aHi,$BS:$BS,_xlpm.bHi), _xlpm.num, (1-_xlpm.wA)*(1-_xlpm.wB)*_xlpm.pLL + _xlpm.wA*(1-_xlpm.wB)*_xlpm.pUL + (1-_xlpm.wA)*_xlpm.wB*_xlpm.pLU + _xlpm.wA*_xlpm.wB*_xlpm.pUU, _xlpm.den, (1-_xlpm.wA)*(1-_xlpm.wB)*--(_xlpm.pLL<>0) + _xlpm.wA*(1-_xlpm.wB)*--(_xlpm.pUL<>0) + (1-_xlpm.wA)*_xlpm.wB*--(_xlpm.pLU<>0) + _xlpm.wA*_xlpm.wB*--(_xlpm.pUU<>0), _xlpm.interp, IF(_xlpm.den=0, NA(), _xlpm.num/_xlpm.den), _xlpm.interp ) -> 0.40974454 | BP34: =_xlfn.LET( _xlpm.a, MIN(AV33,AV34), _xlpm.b, MAX(AV33,AV34), _xlpm.wA, (_xlpm.a - FLOOR(_xlpm.a,0.05)) / 0.05, _xlpm.wB, (_xlpm.b - FLOOR(_xlpm.b,0.05)) / 0.05, _xlpm.aLo, FLOOR(_xlpm.a,0.05), _xlpm.aHi, CEILING(_xlpm.a,0.05), _xlpm.bLo, FLOOR(_xlpm.b,0.05), _xlpm.bHi, CEILING(_xlpm.b,0.05), _xlpm.pLL, SUMIFS($BV:$BV,$BR:$BR,_xlpm.aLo,$BS:$BS,_xlpm.bLo), _xlpm.pUL, SUMIFS($BV:$BV,$BR:$BR,_xlpm.aHi,$BS:$BS,_xlpm.bLo), _xlpm.pLU, SUMIFS($BV:$BV,$BR:$BR,_xlpm.aLo,$BS:$BS,_xlpm.bHi), _xlpm.pUU, SUMIFS($BV:$BV,$BR:$BR,_xlpm.aHi,$BS:$BS,_xlpm.bHi), _xlpm.num, (1-_xlpm.wA)*(1-_xlpm.wB)*_xlpm.pLL + _xlpm.wA*(1-_xlpm.wB)*_xlpm.pUL + (1-_xlpm.wA)*_xlpm.wB*_xlpm.pLU + _xlpm.wA*_xlpm.wB*_xlpm.pUU, _xlpm.den, (1-_xlpm.wA)*(1-_xlpm.wB)*--(_xlpm.pLL<>0) + _xlpm.wA*(1-_xlpm.wB)*--(_xlpm.pUL<>0) + (1-_xlpm.wA)*_xlpm.wB*--(_xlpm.pLU<>0) + _xlpm.wA*_xlpm.wB*--(_xlpm.pUU<>0), _xlpm.interp, IF(_xlpm.den=0, NA(), _xlpm.num/_xlpm.den), _xlpm.interp ) -> 0.46154069 | BQ34: =_xlfn.LET( _xlpm.a, MIN(AV33,AV34), _xlpm.b, MAX(AV33,AV34), _xlpm.wA, (_xlpm.a - FLOOR(_xlpm.a,0.05)) / 0.05, _xlpm.wB, (_xlpm.b - FLOOR(_xlpm.b,0.05)) / 0.05, _xlpm.aLo, FLOOR(_xlpm.a,0.05), _xlpm.aHi, CEILING(_xlpm.a,0.05), _xlpm.bLo, FLOOR(_xlpm.b,0.05), _xlpm.bHi, CEILING(_xlpm.b,0.05), _xlpm.pLL, SUMIFS($BW:$BW,$BR:$BR,_xlpm.aLo,$BS:$BS,_xlpm.bLo), _xlpm.pUL, SUMIFS($BW:$BW,$BR:$BR,_xlpm.aHi,$BS:$BS,_xlpm.bLo), _xlpm.pLU, SUMIFS($BW:$BW,$BR:$BR,_xlpm.aLo,$BS:$BS,_xlpm.bHi), _xlpm.pUU, SUMIFS($BW:$BW,$BR:$BR,_xlpm.aHi,$BS:$BS,_xlpm.bHi), _xlpm.num, (1-_xlpm.wA)*(1-_xlpm.wB)*_xlpm.pLL + _xlpm.wA*(1-_xlpm.wB)*_xlpm.pUL + (1-_xlpm.wA)*_xlpm.wB*_xlpm.pLU + _xlpm.wA*_xlpm.wB*_xlpm.pUU, _xlpm.den, (1-_xlpm.wA)*(1-_xlpm.wB)*--(_xlpm.pLL<>0) + _xlpm.wA*(1-_xlpm.wB)*--(_xlpm.pUL<>0) + (1-_xlpm.wA)*_xlpm.wB*--(_xlpm.pLU<>0) + _xlpm.wA*_xlpm.wB*--(_xlpm.pUU<>0), _xlpm.interp, IF(_xlpm.den=0, NA(), _xlpm.num/_xlpm.den), _xlpm.interp ) -> 0.5219666
AV35: =Projections!T37 -> 0 | BJ35: =IF(BN35=0.5,100,IF(BN35>0.5,-ROUND(100*BN35/(1-BN35),0),ROUND(100*(1-BN35)/BN35,0))) -> #N/A | BK35: =IF(BO35=0.5,100,IF(BO35>0.5,-ROUND(100*BO35/(1-BO35),0),ROUND(100*(1-BO35)/BO35,0))) -> #N/A | BL35: =IF(BP35=0.5,100,IF(BP35>0.5,-ROUND(100*BP35/(1-BP35),0),ROUND(100*(1-BP35)/BP35,0))) -> #N/A | BM35: =IF(BQ35=0.5,100,IF(BQ35>0.5,-ROUND(100*BQ35/(1-BQ35),0),ROUND(100*(1-BQ35)/BQ35,0))) -> #N/A | BN35: =_xlfn.LET( _xlpm.a, MIN(AV35,AV36), _xlpm.b, MAX(AV35,AV36), _xlpm.wA, (_xlpm.a - FLOOR(_xlpm.a,0.05)) / 0.05, _xlpm.wB, (_xlpm.b - FLOOR(_xlpm.b,0.05)) / 0.05, _xlpm.aLo, FLOOR(_xlpm.a,0.05), _xlpm.aHi, CEILING(_xlpm.a,0.05), _xlpm.bLo, FLOOR(_xlpm.b,0.05), _xlpm.bHi, CEILING(_xlpm.b,0.05), _xlpm.pLL, SUMIFS($BT:$BT,$BR:$BR,_xlpm.aLo,$BS:$BS,_xlpm.bLo), _xlpm.pUL, SUMIFS($BT:$BT,$BR:$BR,_xlpm.aHi,$BS:$BS,_xlpm.bLo), _xlpm.pLU, SUMIFS($BT:$BT,$BR:$BR,_xlpm.aLo,$BS:$BS,_xlpm.bHi), _xlpm.pUU, SUMIFS($BT:$BT,$BR:$BR,_xlpm.aHi,$BS:$BS,_xlpm.bHi), _xlpm.num, (1-_xlpm.wA)*(1-_xlpm.wB)*_xlpm.pLL + _xlpm.wA*(1-_xlpm.wB)*_xlpm.pUL + (1-_xlpm.wA)*_xlpm.wB*_xlpm.pLU + _xlpm.wA*_xlpm.wB*_xlpm.pUU, _xlpm.den, (1-_xlpm.wA)*(1-_xlpm.wB)*--(_xlpm.pLL<>0) + _xlpm.wA*(1-_xlpm.wB)*--(_xlpm.pUL<>0) + (1-_xlpm.wA)*_xlpm.wB*--(_xlpm.pLU<>0) + _xlpm.wA*_xlpm.wB*--(_xlpm.pUU<>0), _xlpm.interp, IF(_xlpm.den=0, NA(), _xlpm.num/_xlpm.den), IF(AV35>AV36, 1-_xlpm.interp, _xlpm.interp) ) -> #N/A | BO35: =1-BO36 -> #N/A | BP35: =1-BP36 -> #N/A | BQ35: =1-BQ36 -> #N/A
AV36: =Projections!T38 -> 0 | BJ36: =IF(BN36=0.5,100,IF(BN36>0.5,-ROUND(100*BN36/(1-BN36),0),ROUND(100*(1-BN36)/BN36,0))) -> #N/A | BK36: =IF(BO36=0.5,100,IF(BO36>0.5,-ROUND(100*BO36/(1-BO36),0),ROUND(100*(1-BO36)/BO36,0))) -> #N/A | BL36: =IF(BP36=0.5,100,IF(BP36>0.5,-ROUND(100*BP36/(1-BP36),0),ROUND(100*(1-BP36)/BP36,0))) -> #N/A | BM36: =IF(BQ36=0.5,100,IF(BQ36>0.5,-ROUND(100*BQ36/(1-BQ36),0),ROUND(100*(1-BQ36)/BQ36,0))) -> #N/A | BN36: =1-BN35 -> #N/A | BO36: =_xlfn.LET( _xlpm.a, MIN(AV35,AV36), _xlpm.b, MAX(AV35,AV36), _xlpm.wA, (_xlpm.a - FLOOR(_xlpm.a,0.05)) / 0.05, _xlpm.wB, (_xlpm.b - FLOOR(_xlpm.b,0.05)) / 0.05, _xlpm.aLo, FLOOR(_xlpm.a,0.05), _xlpm.aHi, CEILING(_xlpm.a,0.05), _xlpm.bLo, FLOOR(_xlpm.b,0.05), _xlpm.bHi, CEILING(_xlpm.b,0.05), _xlpm.pLL, SUMIFS($BU:$BU,$BR:$BR,_xlpm.aLo,$BS:$BS,_xlpm.bLo), _xlpm.pUL, SUMIFS($BU:$BU,$BR:$BR,_xlpm.aHi,$BS:$BS,_xlpm.bLo), _xlpm.pLU, SUMIFS($BU:$BU,$BR:$BR,_xlpm.aLo,$BS:$BS,_xlpm.bHi), _xlpm.pUU, SUMIFS($BU:$BU,$BR:$BR,_xlpm.aHi,$BS:$BS,_xlpm.bHi), _xlpm.num, (1-_xlpm.wA)*(1-_xlpm.wB)*_xlpm.pLL + _xlpm.wA*(1-_xlpm.wB)*_xlpm.pUL + (1-_xlpm.wA)*_xlpm.wB*_xlpm.pLU + _xlpm.wA*_xlpm.wB*_xlpm.pUU, _xlpm.den, (1-_xlpm.wA)*(1-_xlpm.wB)*--(_xlpm.pLL<>0) + _xlpm.wA*(1-_xlpm.wB)*--(_xlpm.pUL<>0) + (1-_xlpm.wA)*_xlpm.wB*--(_xlpm.pLU<>0) + _xlpm.wA*_xlpm.wB*--(_xlpm.pUU<>0), _xlpm.interp, IF(_xlpm.den=0, NA(), _xlpm.num/_xlpm.den), _xlpm.interp ) -> #N/A | BP36: =_xlfn.LET( _xlpm.a, MIN(AV35,AV36), _xlpm.b, MAX(AV35,AV36), _xlpm.wA, (_xlpm.a - FLOOR(_xlpm.a,0.05)) / 0.05, _xlpm.wB, (_xlpm.b - FLOOR(_xlpm.b,0.05)) / 0.05, _xlpm.aLo, FLOOR(_xlpm.a,0.05), _xlpm.aHi, CEILING(_xlpm.a,0.05), _xlpm.bLo, FLOOR(_xlpm.b,0.05), _xlpm.bHi, CEILING(_xlpm.b,0.05), _xlpm.pLL, SUMIFS($BV:$BV,$BR:$BR,_xlpm.aLo,$BS:$BS,_xlpm.bLo), _xlpm.pUL, SUMIFS($BV:$BV,$BR:$BR,_xlpm.aHi,$BS:$BS,_xlpm.bLo), _xlpm.pLU, SUMIFS($BV:$BV,$BR:$BR,_xlpm.aLo,$BS:$BS,_xlpm.bHi), _xlpm.pUU, SUMIFS($BV:$BV,$BR:$BR,_xlpm.aHi,$BS:$BS,_xlpm.bHi), _xlpm.num, (1-_xlpm.wA)*(1-_xlpm.wB)*_xlpm.pLL + _xlpm.wA*(1-_xlpm.wB)*_xlpm.pUL + (1-_xlpm.wA)*_xlpm.wB*_xlpm.pLU + _xlpm.wA*_xlpm.wB*_xlpm.pUU, _xlpm.den, (1-_xlpm.wA)*(1-_xlpm.wB)*--(_xlpm.pLL<>0) + _xlpm.wA*(1-_xlpm.wB)*--(_xlpm.pUL<>0) + (1-_xlpm.wA)*_xlpm.wB*--(_xlpm.pLU<>0) + _xlpm.wA*_xlpm.wB*--(_xlpm.pUU<>0), _xlpm.interp, IF(_xlpm.den=0, NA(), _xlpm.num/_xlpm.den), _xlpm.interp ) -> #N/A | BQ36: =_xlfn.LET( _xlpm.a, MIN(AV35,AV36), _xlpm.b, MAX(AV35,AV36), _xlpm.wA, (_xlpm.a - FLOOR(_xlpm.a,0.05)) / 0.05, _xlpm.wB, (_xlpm.b - FLOOR(_xlpm.b,0.05)) / 0.05, _xlpm.aLo, FLOOR(_xlpm.a,0.05), _xlpm.aHi, CEILING(_xlpm.a,0.05), _xlpm.bLo, FLOOR(_xlpm.b,0.05), _xlpm.bHi, CEILING(_xlpm.b,0.05), _xlpm.pLL, SUMIFS($BW:$BW,$BR:$BR,_xlpm.aLo,$BS:$BS,_xlpm.bLo), _xlpm.pUL, SUMIFS($BW:$BW,$BR:$BR,_xlpm.aHi,$BS:$BS,_xlpm.bLo), _xlpm.pLU, SUMIFS($BW:$BW,$BR:$BR,_xlpm.aLo,$BS:$BS,_xlpm.bHi), _xlpm.pUU, SUMIFS($BW:$BW,$BR:$BR,_xlpm.aHi,$BS:$BS,_xlpm.bHi), _xlpm.num, (1-_xlpm.wA)*(1-_xlpm.wB)*_xlpm.pLL + _xlpm.wA*(1-_xlpm.wB)*_xlpm.pUL + (1-_xlpm.wA)*_xlpm.wB*_xlpm.pLU + _xlpm.wA*_xlpm.wB*_xlpm.pUU, _xlpm.den, (1-_xlpm.wA)*(1-_xlpm.wB)*--(_xlpm.pLL<>0) + _xlpm.wA*(1-_xlpm.wB)*--(_xlpm.pUL<>0) + (1-_xlpm.wA)*_xlpm.wB*--(_xlpm.pLU<>0) + _xlpm.wA*_xlpm.wB*--(_xlpm.pUU<>0), _xlpm.interp, IF(_xlpm.den=0, NA(), _xlpm.num/_xlpm.den), _xlpm.interp ) -> #N/A
AV37: =Projections!T39 -> 0 | BJ37: =IF(BN37=0.5,100,IF(BN37>0.5,-ROUND(100*BN37/(1-BN37),0),ROUND(100*(1-BN37)/BN37,0))) -> #N/A | BK37: =IF(BO37=0.5,100,IF(BO37>0.5,-ROUND(100*BO37/(1-BO37),0),ROUND(100*(1-BO37)/BO37,0))) -> #N/A | BL37: =IF(BP37=0.5,100,IF(BP37>0.5,-ROUND(100*BP37/(1-BP37),0),ROUND(100*(1-BP37)/BP37,0))) -> #N/A | BM37: =IF(BQ37=0.5,100,IF(BQ37>0.5,-ROUND(100*BQ37/(1-BQ37),0),ROUND(100*(1-BQ37)/BQ37,0))) -> #N/A | BN37: =_xlfn.LET( _xlpm.a, MIN(AV37,AV38), _xlpm.b, MAX(AV37,AV38), _xlpm.wA, (_xlpm.a - FLOOR(_xlpm.a,0.05)) / 0.05, _xlpm.wB, (_xlpm.b - FLOOR(_xlpm.b,0.05)) / 0.05, _xlpm.aLo, FLOOR(_xlpm.a,0.05), _xlpm.aHi, CEILING(_xlpm.a,0.05), _xlpm.bLo, FLOOR(_xlpm.b,0.05), _xlpm.bHi, CEILING(_xlpm.b,0.05), _xlpm.pLL, SUMIFS($BT:$BT,$BR:$BR,_xlpm.aLo,$BS:$BS,_xlpm.bLo), _xlpm.pUL, SUMIFS($BT:$BT,$BR:$BR,_xlpm.aHi,$BS:$BS,_xlpm.bLo), _xlpm.pLU, SUMIFS($BT:$BT,$BR:$BR,_xlpm.aLo,$BS:$BS,_xlpm.bHi), _xlpm.pUU, SUMIFS($BT:$BT,$BR:$BR,_xlpm.aHi,$BS:$BS,_xlpm.bHi), _xlpm.num, (1-_xlpm.wA)*(1-_xlpm.wB)*_xlpm.pLL + _xlpm.wA*(1-_xlpm.wB)*_xlpm.pUL + (1-_xlpm.wA)*_xlpm.wB*_xlpm.pLU + _xlpm.wA*_xlpm.wB*_xlpm.pUU, _xlpm.den, (1-_xlpm.wA)*(1-_xlpm.wB)*--(_xlpm.pLL<>0) + _xlpm.wA*(1-_xlpm.wB)*--(_xlpm.pUL<>0) + (1-_xlpm.wA)*_xlpm.wB*--(_xlpm.pLU<>0) + _xlpm.wA*_xlpm.wB*--(_xlpm.pUU<>0), _xlpm.interp, IF(_xlpm.den=0, NA(), _xlpm.num/_xlpm.den), IF(AV37>AV38, 1-_xlpm.interp, _xlpm.interp) ) -> #N/A | BO37: =1-BO38 -> #N/A | BP37: =1-BP38 -> #N/A | BQ37: =1-BQ38 -> #N/A
AV38: =Projections!T40 -> 0 | BJ38: =IF(BN38=0.5,100,IF(BN38>0.5,-ROUND(100*BN38/(1-BN38),0),ROUND(100*(1-BN38)/BN38,0))) -> #N/A | BK38: =IF(BO38=0.5,100,IF(BO38>0.5,-ROUND(100*BO38/(1-BO38),0),ROUND(100*(1-BO38)/BO38,0))) -> #N/A | BL38: =IF(BP38=0.5,100,IF(BP38>0.5,-ROUND(100*BP38/(1-BP38),0),ROUND(100*(1-BP38)/BP38,0))) -> #N/A | BM38: =IF(BQ38=0.5,100,IF(BQ38>0.5,-ROUND(100*BQ38/(1-BQ38),0),ROUND(100*(1-BQ38)/BQ38,0))) -> #N/A | BN38: =1-BN37 -> #N/A | BO38: =_xlfn.LET( _xlpm.a, MIN(AV37,AV38), _xlpm.b, MAX(AV37,AV38), _xlpm.wA, (_xlpm.a - FLOOR(_xlpm.a,0.05)) / 0.05, _xlpm.wB, (_xlpm.b - FLOOR(_xlpm.b,0.05)) / 0.05, _xlpm.aLo, FLOOR(_xlpm.a,0.05), _xlpm.aHi, CEILING(_xlpm.a,0.05), _xlpm.bLo, FLOOR(_xlpm.b,0.05), _xlpm.bHi, CEILING(_xlpm.b,0.05), _xlpm.pLL, SUMIFS($BU:$BU,$BR:$BR,_xlpm.aLo,$BS:$BS,_xlpm.bLo), _xlpm.pUL, SUMIFS($BU:$BU,$BR:$BR,_xlpm.aHi,$BS:$BS,_xlpm.bLo), _xlpm.pLU, SUMIFS($BU:$BU,$BR:$BR,_xlpm.aLo,$BS:$BS,_xlpm.bHi), _xlpm.pUU, SUMIFS($BU:$BU,$BR:$BR,_xlpm.aHi,$BS:$BS,_xlpm.bHi), _xlpm.num, (1-_xlpm.wA)*(1-_xlpm.wB)*_xlpm.pLL + _xlpm.wA*(1-_xlpm.wB)*_xlpm.pUL + (1-_xlpm.wA)*_xlpm.wB*_xlpm.pLU + _xlpm.wA*_xlpm.wB*_xlpm.pUU, _xlpm.den, (1-_xlpm.wA)*(1-_xlpm.wB)*--(_xlpm.pLL<>0) + _xlpm.wA*(1-_xlpm.wB)*--(_xlpm.pUL<>0) + (1-_xlpm.wA)*_xlpm.wB*--(_xlpm.pLU<>0) + _xlpm.wA*_xlpm.wB*--(_xlpm.pUU<>0), _xlpm.interp, IF(_xlpm.den=0, NA(), _xlpm.num/_xlpm.den), _xlpm.interp ) -> #N/A | BP38: =_xlfn.LET( _xlpm.a, MIN(AV37,AV38), _xlpm.b, MAX(AV37,AV38), _xlpm.wA, (_xlpm.a - FLOOR(_xlpm.a,0.05)) / 0.05, _xlpm.wB, (_xlpm.b - FLOOR(_xlpm.b,0.05)) / 0.05, _xlpm.aLo, FLOOR(_xlpm.a,0.05), _xlpm.aHi, CEILING(_xlpm.a,0.05), _xlpm.bLo, FLOOR(_xlpm.b,0.05), _xlpm.bHi, CEILING(_xlpm.b,0.05), _xlpm.pLL, SUMIFS($BV:$BV,$BR:$BR,_xlpm.aLo,$BS:$BS,_xlpm.bLo), _xlpm.pUL, SUMIFS($BV:$BV,$BR:$BR,_xlpm.aHi,$BS:$BS,_xlpm.bLo), _xlpm.pLU, SUMIFS($BV:$BV,$BR:$BR,_xlpm.aLo,$BS:$BS,_xlpm.bHi), _xlpm.pUU, SUMIFS($BV:$BV,$BR:$BR,_xlpm.aHi,$BS:$BS,_xlpm.bHi), _xlpm.num, (1-_xlpm.wA)*(1-_xlpm.wB)*_xlpm.pLL + _xlpm.wA*(1-_xlpm.wB)*_xlpm.pUL + (1-_xlpm.wA)*_xlpm.wB*_xlpm.pLU + _xlpm.wA*_xlpm.wB*_xlpm.pUU, _xlpm.den, (1-_xlpm.wA)*(1-_xlpm.wB)*--(_xlpm.pLL<>0) + _xlpm.wA*(1-_xlpm.wB)*--(_xlpm.pUL<>0) + (1-_xlpm.wA)*_xlpm.wB*--(_xlpm.pLU<>0) + _xlpm.wA*_xlpm.wB*--(_xlpm.pUU<>0), _xlpm.interp, IF(_xlpm.den=0, NA(), _xlpm.num/_xlpm.den), _xlpm.interp ) -> #N/A | BQ38: =_xlfn.LET( _xlpm.a, MIN(AV37,AV38), _xlpm.b, MAX(AV37,AV38), _xlpm.wA, (_xlpm.a - FLOOR(_xlpm.a,0.05)) / 0.05, _xlpm.wB, (_xlpm.b - FLOOR(_xlpm.b,0.05)) / 0.05, _xlpm.aLo, FLOOR(_xlpm.a,0.05), _xlpm.aHi, CEILING(_xlpm.a,0.05), _xlpm.bLo, FLOOR(_xlpm.b,0.05), _xlpm.bHi, CEILING(_xlpm.b,0.05), _xlpm.pLL, SUMIFS($BW:$BW,$BR:$BR,_xlpm.aLo,$BS:$BS,_xlpm.bLo), _xlpm.pUL, SUMIFS($BW:$BW,$BR:$BR,_xlpm.aHi,$BS:$BS,_xlpm.bLo), _xlpm.pLU, SUMIFS($BW:$BW,$BR:$BR,_xlpm.aLo,$BS:$BS,_xlpm.bHi), _xlpm.pUU, SUMIFS($BW:$BW,$BR:$BR,_xlpm.aHi,$BS:$BS,_xlpm.bHi), _xlpm.num, (1-_xlpm.wA)*(1-_xlpm.wB)*_xlpm.pLL + _xlpm.wA*(1-_xlpm.wB)*_xlpm.pUL + (1-_xlpm.wA)*_xlpm.wB*_xlpm.pLU + _xlpm.wA*_xlpm.wB*_xlpm.pUU, _xlpm.den, (1-_xlpm.wA)*(1-_xlpm.wB)*--(_xlpm.pLL<>0) + _xlpm.wA*(1-_xlpm.wB)*--(_xlpm.pUL<>0) + (1-_xlpm.wA)*_xlpm.wB*--(_xlpm.pLU<>0) + _xlpm.wA*_xlpm.wB*--(_xlpm.pUU<>0), _xlpm.interp, IF(_xlpm.den=0, NA(), _xlpm.num/_xlpm.den), _xlpm.interp ) -> #N/A
AV39: =Projections!T41 -> 0 | BJ39: =IF(BN39=0.5,100,IF(BN39>0.5,-ROUND(100*BN39/(1-BN39),0),ROUND(100*(1-BN39)/BN39,0))) -> #N/A | BK39: =IF(BO39=0.5,100,IF(BO39>0.5,-ROUND(100*BO39/(1-BO39),0),ROUND(100*(1-BO39)/BO39,0))) -> #N/A | BL39: =IF(BP39=0.5,100,IF(BP39>0.5,-ROUND(100*BP39/(1-BP39),0),ROUND(100*(1-BP39)/BP39,0))) -> #N/A | BM39: =IF(BQ39=0.5,100,IF(BQ39>0.5,-ROUND(100*BQ39/(1-BQ39),0),ROUND(100*(1-BQ39)/BQ39,0))) -> #N/A | BN39: =_xlfn.LET( _xlpm.a, MIN(AV39,AV40), _xlpm.b, MAX(AV39,AV40), _xlpm.wA, (_xlpm.a - FLOOR(_xlpm.a,0.05)) / 0.05, _xlpm.wB, (_xlpm.b - FLOOR(_xlpm.b,0.05)) / 0.05, _xlpm.aLo, FLOOR(_xlpm.a,0.05), _xlpm.aHi, CEILING(_xlpm.a,0.05), _xlpm.bLo, FLOOR(_xlpm.b,0.05), _xlpm.bHi, CEILING(_xlpm.b,0.05), _xlpm.pLL, SUMIFS($BT:$BT,$BR:$BR,_xlpm.aLo,$BS:$BS,_xlpm.bLo), _xlpm.pUL, SUMIFS($BT:$BT,$BR:$BR,_xlpm.aHi,$BS:$BS,_xlpm.bLo), _xlpm.pLU, SUMIFS($BT:$BT,$BR:$BR,_xlpm.aLo,$BS:$BS,_xlpm.bHi), _xlpm.pUU, SUMIFS($BT:$BT,$BR:$BR,_xlpm.aHi,$BS:$BS,_xlpm.bHi), _xlpm.num, (1-_xlpm.wA)*(1-_xlpm.wB)*_xlpm.pLL + _xlpm.wA*(1-_xlpm.wB)*_xlpm.pUL + (1-_xlpm.wA)*_xlpm.wB*_xlpm.pLU + _xlpm.wA*_xlpm.wB*_xlpm.pUU, _xlpm.den, (1-_xlpm.wA)*(1-_xlpm.wB)*--(_xlpm.pLL<>0) + _xlpm.wA*(1-_xlpm.wB)*--(_xlpm.pUL<>0) + (1-_xlpm.wA)*_xlpm.wB*--(_xlpm.pLU<>0) + _xlpm.wA*_xlpm.wB*--(_xlpm.pUU<>0), _xlpm.interp, IF(_xlpm.den=0, NA(), _xlpm.num/_xlpm.den), IF(AV39>AV40, 1-_xlpm.interp, _xlpm.interp) ) -> #N/A | BO39: =1-BO40 -> #N/A | BP39: =1-BP40 -> #N/A | BQ39: =1-BQ40 -> #N/A
AV40: =Projections!T42 -> 0 | BJ40: =IF(BN40=0.5,100,IF(BN40>0.5,-ROUND(100*BN40/(1-BN40),0),ROUND(100*(1-BN40)/BN40,0))) -> #N/A | BK40: =IF(BO40=0.5,100,IF(BO40>0.5,-ROUND(100*BO40/(1-BO40),0),ROUND(100*(1-BO40)/BO40,0))) -> #N/A | BL40: =IF(BP40=0.5,100,IF(BP40>0.5,-ROUND(100*BP40/(1-BP40),0),ROUND(100*(1-BP40)/BP40,0))) -> #N/A | BM40: =IF(BQ40=0.5,100,IF(BQ40>0.5,-ROUND(100*BQ40/(1-BQ40),0),ROUND(100*(1-BQ40)/BQ40,0))) -> #N/A | BN40: =1-BN39 -> #N/A | BO40: =_xlfn.LET( _xlpm.a, MIN(AV39,AV40), _xlpm.b, MAX(AV39,AV40), _xlpm.wA, (_xlpm.a - FLOOR(_xlpm.a,0.05)) / 0.05, _xlpm.wB, (_xlpm.b - FLOOR(_xlpm.b,0.05)) / 0.05, _xlpm.aLo, FLOOR(_xlpm.a,0.05), _xlpm.aHi, CEILING(_xlpm.a,0.05), _xlpm.bLo, FLOOR(_xlpm.b,0.05), _xlpm.bHi, CEILING(_xlpm.b,0.05), _xlpm.pLL, SUMIFS($BU:$BU,$BR:$BR,_xlpm.aLo,$BS:$BS,_xlpm.bLo), _xlpm.pUL, SUMIFS($BU:$BU,$BR:$BR,_xlpm.aHi,$BS:$BS,_xlpm.bLo), _xlpm.pLU, SUMIFS($BU:$BU,$BR:$BR,_xlpm.aLo,$BS:$BS,_xlpm.bHi), _xlpm.pUU, SUMIFS($BU:$BU,$BR:$BR,_xlpm.aHi,$BS:$BS,_xlpm.bHi), _xlpm.num, (1-_xlpm.wA)*(1-_xlpm.wB)*_xlpm.pLL + _xlpm.wA*(1-_xlpm.wB)*_xlpm.pUL + (1-_xlpm.wA)*_xlpm.wB*_xlpm.pLU + _xlpm.wA*_xlpm.wB*_xlpm.pUU, _xlpm.den, (1-_xlpm.wA)*(1-_xlpm.wB)*--(_xlpm.pLL<>0) + _xlpm.wA*(1-_xlpm.wB)*--(_xlpm.pUL<>0) + (1-_xlpm.wA)*_xlpm.wB*--(_xlpm.pLU<>0) + _xlpm.wA*_xlpm.wB*--(_xlpm.pUU<>0), _xlpm.interp, IF(_xlpm.den=0, NA(), _xlpm.num/_xlpm.den), _xlpm.interp ) -> #N/A | BP40: =_xlfn.LET( _xlpm.a, MIN(AV39,AV40), _xlpm.b, MAX(AV39,AV40), _xlpm.wA, (_xlpm.a - FLOOR(_xlpm.a,0.05)) / 0.05, _xlpm.wB, (_xlpm.b - FLOOR(_xlpm.b,0.05)) / 0.05, _xlpm.aLo, FLOOR(_xlpm.a,0.05), _xlpm.aHi, CEILING(_xlpm.a,0.05), _xlpm.bLo, FLOOR(_xlpm.b,0.05), _xlpm.bHi, CEILING(_xlpm.b,0.05), _xlpm.pLL, SUMIFS($BV:$BV,$BR:$BR,_xlpm.aLo,$BS:$BS,_xlpm.bLo), _xlpm.pUL, SUMIFS($BV:$BV,$BR:$BR,_xlpm.aHi,$BS:$BS,_xlpm.bLo), _xlpm.pLU, SUMIFS($BV:$BV,$BR:$BR,_xlpm.aLo,$BS:$BS,_xlpm.bHi), _xlpm.pUU, SUMIFS($BV:$BV,$BR:$BR,_xlpm.aHi,$BS:$BS,_xlpm.bHi), _xlpm.num, (1-_xlpm.wA)*(1-_xlpm.wB)*_xlpm.pLL + _xlpm.wA*(1-_xlpm.wB)*_xlpm.pUL + (1-_xlpm.wA)*_xlpm.wB*_xlpm.pLU + _xlpm.wA*_xlpm.wB*_xlpm.pUU, _xlpm.den, (1-_xlpm.wA)*(1-_xlpm.wB)*--(_xlpm.pLL<>0) + _xlpm.wA*(1-_xlpm.wB)*--(_xlpm.pUL<>0) + (1-_xlpm.wA)*_xlpm.wB*--(_xlpm.pLU<>0) + _xlpm.wA*_xlpm.wB*--(_xlpm.pUU<>0), _xlpm.interp, IF(_xlpm.den=0, NA(), _xlpm.num/_xlpm.den), _xlpm.interp ) -> #N/A | BQ40: =_xlfn.LET( _xlpm.a, MIN(AV39,AV40), _xlpm.b, MAX(AV39,AV40), _xlpm.wA, (_xlpm.a - FLOOR(_xlpm.a,0.05)) / 0.05, _xlpm.wB, (_xlpm.b - FLOOR(_xlpm.b,0.05)) / 0.05, _xlpm.aLo, FLOOR(_xlpm.a,0.05), _xlpm.aHi, CEILING(_xlpm.a,0.05), _xlpm.bLo, FLOOR(_xlpm.b,0.05), _xlpm.bHi, CEILING(_xlpm.b,0.05), _xlpm.pLL, SUMIFS($BW:$BW,$BR:$BR,_xlpm.aLo,$BS:$BS,_xlpm.bLo), _xlpm.pUL, SUMIFS($BW:$BW,$BR:$BR,_xlpm.aHi,$BS:$BS,_xlpm.bLo), _xlpm.pLU, SUMIFS($BW:$BW,$BR:$BR,_xlpm.aLo,$BS:$BS,_xlpm.bHi), _xlpm.pUU, SUMIFS($BW:$BW,$BR:$BR,_xlpm.aHi,$BS:$BS,_xlpm.bHi), _xlpm.num, (1-_xlpm.wA)*(1-_xlpm.wB)*_xlpm.pLL + _xlpm.wA*(1-_xlpm.wB)*_xlpm.pUL + (1-_xlpm.wA)*_xlpm.wB*_xlpm.pLU + _xlpm.wA*_xlpm.wB*_xlpm.pUU, _xlpm.den, (1-_xlpm.wA)*(1-_xlpm.wB)*--(_xlpm.pLL<>0) + _xlpm.wA*(1-_xlpm.wB)*--(_xlpm.pUL<>0) + (1-_xlpm.wA)*_xlpm.wB*--(_xlpm.pLU<>0) + _xlpm.wA*_xlpm.wB*--(_xlpm.pUU<>0), _xlpm.interp, IF(_xlpm.den=0, NA(), _xlpm.num/_xlpm.den), _xlpm.interp ) -> #N/A
AV41: =Projections!T43 -> 0 | BJ41: =IF(BN41=0.5,100,IF(BN41>0.5,-ROUND(100*BN41/(1-BN41),0),ROUND(100*(1-BN41)/BN41,0))) -> #N/A | BK41: =IF(BO41=0.5,100,IF(BO41>0.5,-ROUND(100*BO41/(1-BO41),0),ROUND(100*(1-BO41)/BO41,0))) -> #N/A | BL41: =IF(BP41=0.5,100,IF(BP41>0.5,-ROUND(100*BP41/(1-BP41),0),ROUND(100*(1-BP41)/BP41,0))) -> #N/A | BM41: =IF(BQ41=0.5,100,IF(BQ41>0.5,-ROUND(100*BQ41/(1-BQ41),0),ROUND(100*(1-BQ41)/BQ41,0))) -> #N/A | BN41: =_xlfn.LET( _xlpm.a, MIN(AV41,AV42), _xlpm.b, MAX(AV41,AV42), _xlpm.wA, (_xlpm.a - FLOOR(_xlpm.a,0.05)) / 0.05, _xlpm.wB, (_xlpm.b - FLOOR(_xlpm.b,0.05)) / 0.05, _xlpm.aLo, FLOOR(_xlpm.a,0.05), _xlpm.aHi, CEILING(_xlpm.a,0.05), _xlpm.bLo, FLOOR(_xlpm.b,0.05), _xlpm.bHi, CEILING(_xlpm.b,0.05), _xlpm.pLL, SUMIFS($BT:$BT,$BR:$BR,_xlpm.aLo,$BS:$BS,_xlpm.bLo), _xlpm.pUL, SUMIFS($BT:$BT,$BR:$BR,_xlpm.aHi,$BS:$BS,_xlpm.bLo), _xlpm.pLU, SUMIFS($BT:$BT,$BR:$BR,_xlpm.aLo,$BS:$BS,_xlpm.bHi), _xlpm.pUU, SUMIFS($BT:$BT,$BR:$BR,_xlpm.aHi,$BS:$BS,_xlpm.bHi), _xlpm.num, (1-_xlpm.wA)*(1-_xlpm.wB)*_xlpm.pLL + _xlpm.wA*(1-_xlpm.wB)*_xlpm.pUL + (1-_xlpm.wA)*_xlpm.wB*_xlpm.pLU + _xlpm.wA*_xlpm.wB*_xlpm.pUU, _xlpm.den, (1-_xlpm.wA)*(1-_xlpm.wB)*--(_xlpm.pLL<>0) + _xlpm.wA*(1-_xlpm.wB)*--(_xlpm.pUL<>0) + (1-_xlpm.wA)*_xlpm.wB*--(_xlpm.pLU<>0) + _xlpm.wA*_xlpm.wB*--(_xlpm.pUU<>0), _xlpm.interp, IF(_xlpm.den=0, NA(), _xlpm.num/_xlpm.den), IF(AV41>AV42, 1-_xlpm.interp, _xlpm.interp) ) -> #N/A | BO41: =1-BO42 -> #N/A | BP41: =1-BP42 -> #N/A | BQ41: =1-BQ42 -> #N/A
AV42: =Projections!T44 -> 0 | BJ42: =IF(BN42=0.5,100,IF(BN42>0.5,-ROUND(100*BN42/(1-BN42),0),ROUND(100*(1-BN42)/BN42,0))) -> #N/A | BK42: =IF(BO42=0.5,100,IF(BO42>0.5,-ROUND(100*BO42/(1-BO42),0),ROUND(100*(1-BO42)/BO42,0))) -> #N/A | BL42: =IF(BP42=0.5,100,IF(BP42>0.5,-ROUND(100*BP42/(1-BP42),0),ROUND(100*(1-BP42)/BP42,0))) -> #N/A | BM42: =IF(BQ42=0.5,100,IF(BQ42>0.5,-ROUND(100*BQ42/(1-BQ42),0),ROUND(100*(1-BQ42)/BQ42,0))) -> #N/A | BN42: =1-BN41 -> #N/A | BO42: =_xlfn.LET( _xlpm.a, MIN(AV41,AV42), _xlpm.b, MAX(AV41,AV42), _xlpm.wA, (_xlpm.a - FLOOR(_xlpm.a,0.05)) / 0.05, _xlpm.wB, (_xlpm.b - FLOOR(_xlpm.b,0.05)) / 0.05, _xlpm.aLo, FLOOR(_xlpm.a,0.05), _xlpm.aHi, CEILING(_xlpm.a,0.05), _xlpm.bLo, FLOOR(_xlpm.b,0.05), _xlpm.bHi, CEILING(_xlpm.b,0.05), _xlpm.pLL, SUMIFS($BU:$BU,$BR:$BR,_xlpm.aLo,$BS:$BS,_xlpm.bLo), _xlpm.pUL, SUMIFS($BU:$BU,$BR:$BR,_xlpm.aHi,$BS:$BS,_xlpm.bLo), _xlpm.pLU, SUMIFS($BU:$BU,$BR:$BR,_xlpm.aLo,$BS:$BS,_xlpm.bHi), _xlpm.pUU, SUMIFS($BU:$BU,$BR:$BR,_xlpm.aHi,$BS:$BS,_xlpm.bHi), _xlpm.num, (1-_xlpm.wA)*(1-_xlpm.wB)*_xlpm.pLL + _xlpm.wA*(1-_xlpm.wB)*_xlpm.pUL + (1-_xlpm.wA)*_xlpm.wB*_xlpm.pLU + _xlpm.wA*_xlpm.wB*_xlpm.pUU, _xlpm.den, (1-_xlpm.wA)*(1-_xlpm.wB)*--(_xlpm.pLL<>0) + _xlpm.wA*(1-_xlpm.wB)*--(_xlpm.pUL<>0) + (1-_xlpm.wA)*_xlpm.wB*--(_xlpm.pLU<>0) + _xlpm.wA*_xlpm.wB*--(_xlpm.pUU<>0), _xlpm.interp, IF(_xlpm.den=0, NA(), _xlpm.num/_xlpm.den), _xlpm.interp ) -> #N/A | BP42: =_xlfn.LET( _xlpm.a, MIN(AV41,AV42), _xlpm.b, MAX(AV41,AV42), _xlpm.wA, (_xlpm.a - FLOOR(_xlpm.a,0.05)) / 0.05, _xlpm.wB, (_xlpm.b - FLOOR(_xlpm.b,0.05)) / 0.05, _xlpm.aLo, FLOOR(_xlpm.a,0.05), _xlpm.aHi, CEILING(_xlpm.a,0.05), _xlpm.bLo, FLOOR(_xlpm.b,0.05), _xlpm.bHi, CEILING(_xlpm.b,0.05), _xlpm.pLL, SUMIFS($BV:$BV,$BR:$BR,_xlpm.aLo,$BS:$BS,_xlpm.bLo), _xlpm.pUL, SUMIFS($BV:$BV,$BR:$BR,_xlpm.aHi,$BS:$BS,_xlpm.bLo), _xlpm.pLU, SUMIFS($BV:$BV,$BR:$BR,_xlpm.aLo,$BS:$BS,_xlpm.bHi), _xlpm.pUU, SUMIFS($BV:$BV,$BR:$BR,_xlpm.aHi,$BS:$BS,_xlpm.bHi), _xlpm.num, (1-_xlpm.wA)*(1-_xlpm.wB)*_xlpm.pLL + _xlpm.wA*(1-_xlpm.wB)*_xlpm.pUL + (1-_xlpm.wA)*_xlpm.wB*_xlpm.pLU + _xlpm.wA*_xlpm.wB*_xlpm.pUU, _xlpm.den, (1-_xlpm.wA)*(1-_xlpm.wB)*--(_xlpm.pLL<>0) + _xlpm.wA*(1-_xlpm.wB)*--(_xlpm.pUL<>0) + (1-_xlpm.wA)*_xlpm.wB*--(_xlpm.pLU<>0) + _xlpm.wA*_xlpm.wB*--(_xlpm.pUU<>0), _xlpm.interp, IF(_xlpm.den=0, NA(), _xlpm.num/_xlpm.den), _xlpm.interp ) -> #N/A | BQ42: =_xlfn.LET( _xlpm.a, MIN(AV41,AV42), _xlpm.b, MAX(AV41,AV42), _xlpm.wA, (_xlpm.a - FLOOR(_xlpm.a,0.05)) / 0.05, _xlpm.wB, (_xlpm.b - FLOOR(_xlpm.b,0.05)) / 0.05, _xlpm.aLo, FLOOR(_xlpm.a,0.05), _xlpm.aHi, CEILING(_xlpm.a,0.05), _xlpm.bLo, FLOOR(_xlpm.b,0.05), _xlpm.bHi, CEILING(_xlpm.b,0.05), _xlpm.pLL, SUMIFS($BW:$BW,$BR:$BR,_xlpm.aLo,$BS:$BS,_xlpm.bLo), _xlpm.pUL, SUMIFS($BW:$BW,$BR:$BR,_xlpm.aHi,$BS:$BS,_xlpm.bLo), _xlpm.pLU, SUMIFS($BW:$BW,$BR:$BR,_xlpm.aLo,$BS:$BS,_xlpm.bHi), _xlpm.pUU, SUMIFS($BW:$BW,$BR:$BR,_xlpm.aHi,$BS:$BS,_xlpm.bHi), _xlpm.num, (1-_xlpm.wA)*(1-_xlpm.wB)*_xlpm.pLL + _xlpm.wA*(1-_xlpm.wB)*_xlpm.pUL + (1-_xlpm.wA)*_xlpm.wB*_xlpm.pLU + _xlpm.wA*_xlpm.wB*_xlpm.pUU, _xlpm.den, (1-_xlpm.wA)*(1-_xlpm.wB)*--(_xlpm.pLL<>0) + _xlpm.wA*(1-_xlpm.wB)*--(_xlpm.pUL<>0) + (1-_xlpm.wA)*_xlpm.wB*--(_xlpm.pLU<>0) + _xlpm.wA*_xlpm.wB*--(_xlpm.pUU<>0), _xlpm.interp, IF(_xlpm.den=0, NA(), _xlpm.num/_xlpm.den), _xlpm.interp ) -> #N/A
AV43: =Projections!T45 -> 0 | BJ43: =IF(BN43=0.5,100,IF(BN43>0.5,-ROUND(100*BN43/(1-BN43),0),ROUND(100*(1-BN43)/BN43,0))) -> #N/A | BK43: =IF(BO43=0.5,100,IF(BO43>0.5,-ROUND(100*BO43/(1-BO43),0),ROUND(100*(1-BO43)/BO43,0))) -> #N/A | BL43: =IF(BP43=0.5,100,IF(BP43>0.5,-ROUND(100*BP43/(1-BP43),0),ROUND(100*(1-BP43)/BP43,0))) -> #N/A | BM43: =IF(BQ43=0.5,100,IF(BQ43>0.5,-ROUND(100*BQ43/(1-BQ43),0),ROUND(100*(1-BQ43)/BQ43,0))) -> #N/A | BN43: =_xlfn.LET( _xlpm.a, MIN(AV43,AV44), _xlpm.b, MAX(AV43,AV44), _xlpm.wA, (_xlpm.a - FLOOR(_xlpm.a,0.05)) / 0.05, _xlpm.wB, (_xlpm.b - FLOOR(_xlpm.b,0.05)) / 0.05, _xlpm.aLo, FLOOR(_xlpm.a,0.05), _xlpm.aHi, CEILING(_xlpm.a,0.05), _xlpm.bLo, FLOOR(_xlpm.b,0.05), _xlpm.bHi, CEILING(_xlpm.b,0.05), _xlpm.pLL, SUMIFS($BT:$BT,$BR:$BR,_xlpm.aLo,$BS:$BS,_xlpm.bLo), _xlpm.pUL, SUMIFS($BT:$BT,$BR:$BR,_xlpm.aHi,$BS:$BS,_xlpm.bLo), _xlpm.pLU, SUMIFS($BT:$BT,$BR:$BR,_xlpm.aLo,$BS:$BS,_xlpm.bHi), _xlpm.pUU, SUMIFS($BT:$BT,$BR:$BR,_xlpm.aHi,$BS:$BS,_xlpm.bHi), _xlpm.num, (1-_xlpm.wA)*(1-_xlpm.wB)*_xlpm.pLL + _xlpm.wA*(1-_xlpm.wB)*_xlpm.pUL + (1-_xlpm.wA)*_xlpm.wB*_xlpm.pLU + _xlpm.wA*_xlpm.wB*_xlpm.pUU, _xlpm.den, (1-_xlpm.wA)*(1-_xlpm.wB)*--(_xlpm.pLL<>0) + _xlpm.wA*(1-_xlpm.wB)*--(_xlpm.pUL<>0) + (1-_xlpm.wA)*_xlpm.wB*--(_xlpm.pLU<>0) + _xlpm.wA*_xlpm.wB*--(_xlpm.pUU<>0), _xlpm.interp, IF(_xlpm.den=0, NA(), _xlpm.num/_xlpm.den), IF(AV43>AV44, 1-_xlpm.interp, _xlpm.interp) ) -> #N/A | BO43: =1-BO44 -> #N/A | BP43: =1-BP44 -> #N/A | BQ43: =1-BQ44 -> #N/A
AV44: =Projections!T46 -> 0 | BJ44: =IF(BN44=0.5,100,IF(BN44>0.5,-ROUND(100*BN44/(1-BN44),0),ROUND(100*(1-BN44)/BN44,0))) -> #N/A | BK44: =IF(BO44=0.5,100,IF(BO44>0.5,-ROUND(100*BO44/(1-BO44),0),ROUND(100*(1-BO44)/BO44,0))) -> #N/A | BL44: =IF(BP44=0.5,100,IF(BP44>0.5,-ROUND(100*BP44/(1-BP44),0),ROUND(100*(1-BP44)/BP44,0))) -> #N/A | BM44: =IF(BQ44=0.5,100,IF(BQ44>0.5,-ROUND(100*BQ44/(1-BQ44),0),ROUND(100*(1-BQ44)/BQ44,0))) -> #N/A | BN44: =1-BN43 -> #N/A | BO44: =_xlfn.LET( _xlpm.a, MIN(AV43,AV44), _xlpm.b, MAX(AV43,AV44), _xlpm.wA, (_xlpm.a - FLOOR(_xlpm.a,0.05)) / 0.05, _xlpm.wB, (_xlpm.b - FLOOR(_xlpm.b,0.05)) / 0.05, _xlpm.aLo, FLOOR(_xlpm.a,0.05), _xlpm.aHi, CEILING(_xlpm.a,0.05), _xlpm.bLo, FLOOR(_xlpm.b,0.05), _xlpm.bHi, CEILING(_xlpm.b,0.05), _xlpm.pLL, SUMIFS($BU:$BU,$BR:$BR,_xlpm.aLo,$BS:$BS,_xlpm.bLo), _xlpm.pUL, SUMIFS($BU:$BU,$BR:$BR,_xlpm.aHi,$BS:$BS,_xlpm.bLo), _xlpm.pLU, SUMIFS($BU:$BU,$BR:$BR,_xlpm.aLo,$BS:$BS,_xlpm.bHi), _xlpm.pUU, SUMIFS($BU:$BU,$BR:$BR,_xlpm.aHi,$BS:$BS,_xlpm.bHi), _xlpm.num, (1-_xlpm.wA)*(1-_xlpm.wB)*_xlpm.pLL + _xlpm.wA*(1-_xlpm.wB)*_xlpm.pUL + (1-_xlpm.wA)*_xlpm.wB*_xlpm.pLU + _xlpm.wA*_xlpm.wB*_xlpm.pUU, _xlpm.den, (1-_xlpm.wA)*(1-_xlpm.wB)*--(_xlpm.pLL<>0) + _xlpm.wA*(1-_xlpm.wB)*--(_xlpm.pUL<>0) + (1-_xlpm.wA)*_xlpm.wB*--(_xlpm.pLU<>0) + _xlpm.wA*_xlpm.wB*--(_xlpm.pUU<>0), _xlpm.interp, IF(_xlpm.den=0, NA(), _xlpm.num/_xlpm.den), _xlpm.interp ) -> #N/A | BP44: =_xlfn.LET( _xlpm.a, MIN(AV43,AV44), _xlpm.b, MAX(AV43,AV44), _xlpm.wA, (_xlpm.a - FLOOR(_xlpm.a,0.05)) / 0.05, _xlpm.wB, (_xlpm.b - FLOOR(_xlpm.b,0.05)) / 0.05, _xlpm.aLo, FLOOR(_xlpm.a,0.05), _xlpm.aHi, CEILING(_xlpm.a,0.05), _xlpm.bLo, FLOOR(_xlpm.b,0.05), _xlpm.bHi, CEILING(_xlpm.b,0.05), _xlpm.pLL, SUMIFS($BV:$BV,$BR:$BR,_xlpm.aLo,$BS:$BS,_xlpm.bLo), _xlpm.pUL, SUMIFS($BV:$BV,$BR:$BR,_xlpm.aHi,$BS:$BS,_xlpm.bLo), _xlpm.pLU, SUMIFS($BV:$BV,$BR:$BR,_xlpm.aLo,$BS:$BS,_xlpm.bHi), _xlpm.pUU, SUMIFS($BV:$BV,$BR:$BR,_xlpm.aHi,$BS:$BS,_xlpm.bHi), _xlpm.num, (1-_xlpm.wA)*(1-_xlpm.wB)*_xlpm.pLL + _xlpm.wA*(1-_xlpm.wB)*_xlpm.pUL + (1-_xlpm.wA)*_xlpm.wB*_xlpm.pLU + _xlpm.wA*_xlpm.wB*_xlpm.pUU, _xlpm.den, (1-_xlpm.wA)*(1-_xlpm.wB)*--(_xlpm.pLL<>0) + _xlpm.wA*(1-_xlpm.wB)*--(_xlpm.pUL<>0) + (1-_xlpm.wA)*_xlpm.wB*--(_xlpm.pLU<>0) + _xlpm.wA*_xlpm.wB*--(_xlpm.pUU<>0), _xlpm.interp, IF(_xlpm.den=0, NA(), _xlpm.num/_xlpm.den), _xlpm.interp ) -> #N/A | BQ44: =_xlfn.LET( _xlpm.a, MIN(AV43,AV44), _xlpm.b, MAX(AV43,AV44), _xlpm.wA, (_xlpm.a - FLOOR(_xlpm.a,0.05)) / 0.05, _xlpm.wB, (_xlpm.b - FLOOR(_xlpm.b,0.05)) / 0.05, _xlpm.aLo, FLOOR(_xlpm.a,0.05), _xlpm.aHi, CEILING(_xlpm.a,0.05), _xlpm.bLo, FLOOR(_xlpm.b,0.05), _xlpm.bHi, CEILING(_xlpm.b,0.05), _xlpm.pLL, SUMIFS($BW:$BW,$BR:$BR,_xlpm.aLo,$BS:$BS,_xlpm.bLo), _xlpm.pUL, SUMIFS($BW:$BW,$BR:$BR,_xlpm.aHi,$BS:$BS,_xlpm.bLo), _xlpm.pLU, SUMIFS($BW:$BW,$BR:$BR,_xlpm.aLo,$BS:$BS,_xlpm.bHi), _xlpm.pUU, SUMIFS($BW:$BW,$BR:$BR,_xlpm.aHi,$BS:$BS,_xlpm.bHi), _xlpm.num, (1-_xlpm.wA)*(1-_xlpm.wB)*_xlpm.pLL + _xlpm.wA*(1-_xlpm.wB)*_xlpm.pUL + (1-_xlpm.wA)*_xlpm.wB*_xlpm.pLU + _xlpm.wA*_xlpm.wB*_xlpm.pUU, _xlpm.den, (1-_xlpm.wA)*(1-_xlpm.wB)*--(_xlpm.pLL<>0) + _xlpm.wA*(1-_xlpm.wB)*--(_xlpm.pUL<>0) + (1-_xlpm.wA)*_xlpm.wB*--(_xlpm.pLU<>0) + _xlpm.wA*_xlpm.wB*--(_xlpm.pUU<>0), _xlpm.interp, IF(_xlpm.den=0, NA(), _xlpm.num/_xlpm.den), _xlpm.interp ) -> #N/A
AV45: =Projections!T47 -> 0 | BJ45: =IF(BN45=0.5,100,IF(BN45>0.5,-ROUND(100*BN45/(1-BN45),0),ROUND(100*(1-BN45)/BN45,0))) -> #N/A | BK45: =IF(BO45=0.5,100,IF(BO45>0.5,-ROUND(100*BO45/(1-BO45),0),ROUND(100*(1-BO45)/BO45,0))) -> #N/A | BL45: =IF(BP45=0.5,100,IF(BP45>0.5,-ROUND(100*BP45/(1-BP45),0),ROUND(100*(1-BP45)/BP45,0))) -> #N/A | BM45: =IF(BQ45=0.5,100,IF(BQ45>0.5,-ROUND(100*BQ45/(1-BQ45),0),ROUND(100*(1-BQ45)/BQ45,0))) -> #N/A | BN45: =_xlfn.LET( _xlpm.a, MIN(AV45,AV46), _xlpm.b, MAX(AV45,AV46), _xlpm.wA, (_xlpm.a - FLOOR(_xlpm.a,0.05)) / 0.05, _xlpm.wB, (_xlpm.b - FLOOR(_xlpm.b,0.05)) / 0.05, _xlpm.aLo, FLOOR(_xlpm.a,0.05), _xlpm.aHi, CEILING(_xlpm.a,0.05), _xlpm.bLo, FLOOR(_xlpm.b,0.05), _xlpm.bHi, CEILING(_xlpm.b,0.05), _xlpm.pLL, SUMIFS($BT:$BT,$BR:$BR,_xlpm.aLo,$BS:$BS,_xlpm.bLo), _xlpm.pUL, SUMIFS($BT:$BT,$BR:$BR,_xlpm.aHi,$BS:$BS,_xlpm.bLo), _xlpm.pLU, SUMIFS($BT:$BT,$BR:$BR,_xlpm.aLo,$BS:$BS,_xlpm.bHi), _xlpm.pUU, SUMIFS($BT:$BT,$BR:$BR,_xlpm.aHi,$BS:$BS,_xlpm.bHi), _xlpm.num, (1-_xlpm.wA)*(1-_xlpm.wB)*_xlpm.pLL + _xlpm.wA*(1-_xlpm.wB)*_xlpm.pUL + (1-_xlpm.wA)*_xlpm.wB*_xlpm.pLU + _xlpm.wA*_xlpm.wB*_xlpm.pUU, _xlpm.den, (1-_xlpm.wA)*(1-_xlpm.wB)*--(_xlpm.pLL<>0) + _xlpm.wA*(1-_xlpm.wB)*--(_xlpm.pUL<>0) + (1-_xlpm.wA)*_xlpm.wB*--(_xlpm.pLU<>0) + _xlpm.wA*_xlpm.wB*--(_xlpm.pUU<>0), _xlpm.interp, IF(_xlpm.den=0, NA(), _xlpm.num/_xlpm.den), IF(AV45>AV46, 1-_xlpm.interp, _xlpm.interp) ) -> #N/A | BO45: =1-BO46 -> #N/A | BP45: =1-BP46 -> #N/A | BQ45: =1-BQ46 -> #N/A
AV46: =Projections!T48 -> 0 | BJ46: =IF(BN46=0.5,100,IF(BN46>0.5,-ROUND(100*BN46/(1-BN46),0),ROUND(100*(1-BN46)/BN46,0))) -> #N/A | BK46: =IF(BO46=0.5,100,IF(BO46>0.5,-ROUND(100*BO46/(1-BO46),0),ROUND(100*(1-BO46)/BO46,0))) -> #N/A | BL46: =IF(BP46=0.5,100,IF(BP46>0.5,-ROUND(100*BP46/(1-BP46),0),ROUND(100*(1-BP46)/BP46,0))) -> #N/A | BM46: =IF(BQ46=0.5,100,IF(BQ46>0.5,-ROUND(100*BQ46/(1-BQ46),0),ROUND(100*(1-BQ46)/BQ46,0))) -> #N/A | BN46: =1-BN45 -> #N/A | BO46: =_xlfn.LET( _xlpm.a, MIN(AV45,AV46), _xlpm.b, MAX(AV45,AV46), _xlpm.wA, (_xlpm.a - FLOOR(_xlpm.a,0.05)) / 0.05, _xlpm.wB, (_xlpm.b - FLOOR(_xlpm.b,0.05)) / 0.05, _xlpm.aLo, FLOOR(_xlpm.a,0.05), _xlpm.aHi, CEILING(_xlpm.a,0.05), _xlpm.bLo, FLOOR(_xlpm.b,0.05), _xlpm.bHi, CEILING(_xlpm.b,0.05), _xlpm.pLL, SUMIFS($BU:$BU,$BR:$BR,_xlpm.aLo,$BS:$BS,_xlpm.bLo), _xlpm.pUL, SUMIFS($BU:$BU,$BR:$BR,_xlpm.aHi,$BS:$BS,_xlpm.bLo), _xlpm.pLU, SUMIFS($BU:$BU,$BR:$BR,_xlpm.aLo,$BS:$BS,_xlpm.bHi), _xlpm.pUU, SUMIFS($BU:$BU,$BR:$BR,_xlpm.aHi,$BS:$BS,_xlpm.bHi), _xlpm.num, (1-_xlpm.wA)*(1-_xlpm.wB)*_xlpm.pLL + _xlpm.wA*(1-_xlpm.wB)*_xlpm.pUL + (1-_xlpm.wA)*_xlpm.wB*_xlpm.pLU + _xlpm.wA*_xlpm.wB*_xlpm.pUU, _xlpm.den, (1-_xlpm.wA)*(1-_xlpm.wB)*--(_xlpm.pLL<>0) + _xlpm.wA*(1-_xlpm.wB)*--(_xlpm.pUL<>0) + (1-_xlpm.wA)*_xlpm.wB*--(_xlpm.pLU<>0) + _xlpm.wA*_xlpm.wB*--(_xlpm.pUU<>0), _xlpm.interp, IF(_xlpm.den=0, NA(), _xlpm.num/_xlpm.den), _xlpm.interp ) -> #N/A | BP46: =_xlfn.LET( _xlpm.a, MIN(AV45,AV46), _xlpm.b, MAX(AV45,AV46), _xlpm.wA, (_xlpm.a - FLOOR(_xlpm.a,0.05)) / 0.05, _xlpm.wB, (_xlpm.b - FLOOR(_xlpm.b,0.05)) / 0.05, _xlpm.aLo, FLOOR(_xlpm.a,0.05), _xlpm.aHi, CEILING(_xlpm.a,0.05), _xlpm.bLo, FLOOR(_xlpm.b,0.05), _xlpm.bHi, CEILING(_xlpm.b,0.05), _xlpm.pLL, SUMIFS($BV:$BV,$BR:$BR,_xlpm.aLo,$BS:$BS,_xlpm.bLo), _xlpm.pUL, SUMIFS($BV:$BV,$BR:$BR,_xlpm.aHi,$BS:$BS,_xlpm.bLo), _xlpm.pLU, SUMIFS($BV:$BV,$BR:$BR,_xlpm.aLo,$BS:$BS,_xlpm.bHi), _xlpm.pUU, SUMIFS($BV:$BV,$BR:$BR,_xlpm.aHi,$BS:$BS,_xlpm.bHi), _xlpm.num, (1-_xlpm.wA)*(1-_xlpm.wB)*_xlpm.pLL + _xlpm.wA*(1-_xlpm.wB)*_xlpm.pUL + (1-_xlpm.wA)*_xlpm.wB*_xlpm.pLU + _xlpm.wA*_xlpm.wB*_xlpm.pUU, _xlpm.den, (1-_xlpm.wA)*(1-_xlpm.wB)*--(_xlpm.pLL<>0) + _xlpm.wA*(1-_xlpm.wB)*--(_xlpm.pUL<>0) + (1-_xlpm.wA)*_xlpm.wB*--(_xlpm.pLU<>0) + _xlpm.wA*_xlpm.wB*--(_xlpm.pUU<>0), _xlpm.interp, IF(_xlpm.den=0, NA(), _xlpm.num/_xlpm.den), _xlpm.interp ) -> #N/A | BQ46: =_xlfn.LET( _xlpm.a, MIN(AV45,AV46), _xlpm.b, MAX(AV45,AV46), _xlpm.wA, (_xlpm.a - FLOOR(_xlpm.a,0.05)) / 0.05, _xlpm.wB, (_xlpm.b - FLOOR(_xlpm.b,0.05)) / 0.05, _xlpm.aLo, FLOOR(_xlpm.a,0.05), _xlpm.aHi, CEILING(_xlpm.a,0.05), _xlpm.bLo, FLOOR(_xlpm.b,0.05), _xlpm.bHi, CEILING(_xlpm.b,0.05), _xlpm.pLL, SUMIFS($BW:$BW,$BR:$BR,_xlpm.aLo,$BS:$BS,_xlpm.bLo), _xlpm.pUL, SUMIFS($BW:$BW,$BR:$BR,_xlpm.aHi,$BS:$BS,_xlpm.bLo), _xlpm.pLU, SUMIFS($BW:$BW,$BR:$BR,_xlpm.aLo,$BS:$BS,_xlpm.bHi), _xlpm.pUU, SUMIFS($BW:$BW,$BR:$BR,_xlpm.aHi,$BS:$BS,_xlpm.bHi), _xlpm.num, (1-_xlpm.wA)*(1-_xlpm.wB)*_xlpm.pLL + _xlpm.wA*(1-_xlpm.wB)*_xlpm.pUL + (1-_xlpm.wA)*_xlpm.wB*_xlpm.pLU + _xlpm.wA*_xlpm.wB*_xlpm.pUU, _xlpm.den, (1-_xlpm.wA)*(1-_xlpm.wB)*--(_xlpm.pLL<>0) + _xlpm.wA*(1-_xlpm.wB)*--(_xlpm.pUL<>0) + (1-_xlpm.wA)*_xlpm.wB*--(_xlpm.pLU<>0) + _xlpm.wA*_xlpm.wB*--(_xlpm.pUU<>0), _xlpm.interp, IF(_xlpm.den=0, NA(), _xlpm.num/_xlpm.den), _xlpm.interp ) -> #N/A
AV47: =Projections!T49 -> 0 | BJ47: =IF(BN47=0.5,100,IF(BN47>0.5,-ROUND(100*BN47/(1-BN47),0),ROUND(100*(1-BN47)/BN47,0))) -> #N/A | BK47: =IF(BO47=0.5,100,IF(BO47>0.5,-ROUND(100*BO47/(1-BO47),0),ROUND(100*(1-BO47)/BO47,0))) -> #N/A | BL47: =IF(BP47=0.5,100,IF(BP47>0.5,-ROUND(100*BP47/(1-BP47),0),ROUND(100*(1-BP47)/BP47,0))) -> #N/A | BM47: =IF(BQ47=0.5,100,IF(BQ47>0.5,-ROUND(100*BQ47/(1-BQ47),0),ROUND(100*(1-BQ47)/BQ47,0))) -> #N/A | BN47: =_xlfn.LET( _xlpm.a, MIN(AV47,AV48), _xlpm.b, MAX(AV47,AV48), _xlpm.wA, (_xlpm.a - FLOOR(_xlpm.a,0.05)) / 0.05, _xlpm.wB, (_xlpm.b - FLOOR(_xlpm.b,0.05)) / 0.05, _xlpm.aLo, FLOOR(_xlpm.a,0.05), _xlpm.aHi, CEILING(_xlpm.a,0.05), _xlpm.bLo, FLOOR(_xlpm.b,0.05), _xlpm.bHi, CEILING(_xlpm.b,0.05), _xlpm.pLL, SUMIFS($BT:$BT,$BR:$BR,_xlpm.aLo,$BS:$BS,_xlpm.bLo), _xlpm.pUL, SUMIFS($BT:$BT,$BR:$BR,_xlpm.aHi,$BS:$BS,_xlpm.bLo), _xlpm.pLU, SUMIFS($BT:$BT,$BR:$BR,_xlpm.aLo,$BS:$BS,_xlpm.bHi), _xlpm.pUU, SUMIFS($BT:$BT,$BR:$BR,_xlpm.aHi,$BS:$BS,_xlpm.bHi), _xlpm.num, (1-_xlpm.wA)*(1-_xlpm.wB)*_xlpm.pLL + _xlpm.wA*(1-_xlpm.wB)*_xlpm.pUL + (1-_xlpm.wA)*_xlpm.wB*_xlpm.pLU + _xlpm.wA*_xlpm.wB*_xlpm.pUU, _xlpm.den, (1-_xlpm.wA)*(1-_xlpm.wB)*--(_xlpm.pLL<>0) + _xlpm.wA*(1-_xlpm.wB)*--(_xlpm.pUL<>0) + (1-_xlpm.wA)*_xlpm.wB*--(_xlpm.pLU<>0) + _xlpm.wA*_xlpm.wB*--(_xlpm.pUU<>0), _xlpm.interp, IF(_xlpm.den=0, NA(), _xlpm.num/_xlpm.den), IF(AV47>AV48, 1-_xlpm.interp, _xlpm.interp) ) -> #N/A | BO47: =1-BO48 -> #N/A | BP47: =1-BP48 -> #N/A | BQ47: =1-BQ48 -> #N/A
AV48: =Projections!T50 -> 0 | BJ48: =IF(BN48=0.5,100,IF(BN48>0.5,-ROUND(100*BN48/(1-BN48),0),ROUND(100*(1-BN48)/BN48,0))) -> #N/A | BK48: =IF(BO48=0.5,100,IF(BO48>0.5,-ROUND(100*BO48/(1-BO48),0),ROUND(100*(1-BO48)/BO48,0))) -> #N/A | BL48: =IF(BP48=0.5,100,IF(BP48>0.5,-ROUND(100*BP48/(1-BP48),0),ROUND(100*(1-BP48)/BP48,0))) -> #N/A | BM48: =IF(BQ48=0.5,100,IF(BQ48>0.5,-ROUND(100*BQ48/(1-BQ48),0),ROUND(100*(1-BQ48)/BQ48,0))) -> #N/A | BN48: =1-BN47 -> #N/A | BO48: =_xlfn.LET( _xlpm.a, MIN(AV47,AV48), _xlpm.b, MAX(AV47,AV48), _xlpm.wA, (_xlpm.a - FLOOR(_xlpm.a,0.05)) / 0.05, _xlpm.wB, (_xlpm.b - FLOOR(_xlpm.b,0.05)) / 0.05, _xlpm.aLo, FLOOR(_xlpm.a,0.05), _xlpm.aHi, CEILING(_xlpm.a,0.05), _xlpm.bLo, FLOOR(_xlpm.b,0.05), _xlpm.bHi, CEILING(_xlpm.b,0.05), _xlpm.pLL, SUMIFS($BU:$BU,$BR:$BR,_xlpm.aLo,$BS:$BS,_xlpm.bLo), _xlpm.pUL, SUMIFS($BU:$BU,$BR:$BR,_xlpm.aHi,$BS:$BS,_xlpm.bLo), _xlpm.pLU, SUMIFS($BU:$BU,$BR:$BR,_xlpm.aLo,$BS:$BS,_xlpm.bHi), _xlpm.pUU, SUMIFS($BU:$BU,$BR:$BR,_xlpm.aHi,$BS:$BS,_xlpm.bHi), _xlpm.num, (1-_xlpm.wA)*(1-_xlpm.wB)*_xlpm.pLL + _xlpm.wA*(1-_xlpm.wB)*_xlpm.pUL + (1-_xlpm.wA)*_xlpm.wB*_xlpm.pLU + _xlpm.wA*_xlpm.wB*_xlpm.pUU, _xlpm.den, (1-_xlpm.wA)*(1-_xlpm.wB)*--(_xlpm.pLL<>0) + _xlpm.wA*(1-_xlpm.wB)*--(_xlpm.pUL<>0) + (1-_xlpm.wA)*_xlpm.wB*--(_xlpm.pLU<>0) + _xlpm.wA*_xlpm.wB*--(_xlpm.pUU<>0), _xlpm.interp, IF(_xlpm.den=0, NA(), _xlpm.num/_xlpm.den), _xlpm.interp ) -> #N/A | BP48: =_xlfn.LET( _xlpm.a, MIN(AV47,AV48), _xlpm.b, MAX(AV47,AV48), _xlpm.wA, (_xlpm.a - FLOOR(_xlpm.a,0.05)) / 0.05, _xlpm.wB, (_xlpm.b - FLOOR(_xlpm.b,0.05)) / 0.05, _xlpm.aLo, FLOOR(_xlpm.a,0.05), _xlpm.aHi, CEILING(_xlpm.a,0.05), _xlpm.bLo, FLOOR(_xlpm.b,0.05), _xlpm.bHi, CEILING(_xlpm.b,0.05), _xlpm.pLL, SUMIFS($BV:$BV,$BR:$BR,_xlpm.aLo,$BS:$BS,_xlpm.bLo), _xlpm.pUL, SUMIFS($BV:$BV,$BR:$BR,_xlpm.aHi,$BS:$BS,_xlpm.bLo), _xlpm.pLU, SUMIFS($BV:$BV,$BR:$BR,_xlpm.aLo,$BS:$BS,_xlpm.bHi), _xlpm.pUU, SUMIFS($BV:$BV,$BR:$BR,_xlpm.aHi,$BS:$BS,_xlpm.bHi), _xlpm.num, (1-_xlpm.wA)*(1-_xlpm.wB)*_xlpm.pLL + _xlpm.wA*(1-_xlpm.wB)*_xlpm.pUL + (1-_xlpm.wA)*_xlpm.wB*_xlpm.pLU + _xlpm.wA*_xlpm.wB*_xlpm.pUU, _xlpm.den, (1-_xlpm.wA)*(1-_xlpm.wB)*--(_xlpm.pLL<>0) + _xlpm.wA*(1-_xlpm.wB)*--(_xlpm.pUL<>0) + (1-_xlpm.wA)*_xlpm.wB*--(_xlpm.pLU<>0) + _xlpm.wA*_xlpm.wB*--(_xlpm.pUU<>0), _xlpm.interp, IF(_xlpm.den=0, NA(), _xlpm.num/_xlpm.den), _xlpm.interp ) -> #N/A | BQ48: =_xlfn.LET( _xlpm.a, MIN(AV47,AV48), _xlpm.b, MAX(AV47,AV48), _xlpm.wA, (_xlpm.a - FLOOR(_xlpm.a,0.05)) / 0.05, _xlpm.wB, (_xlpm.b - FLOOR(_xlpm.b,0.05)) / 0.05, _xlpm.aLo, FLOOR(_xlpm.a,0.05), _xlpm.aHi, CEILING(_xlpm.a,0.05), _xlpm.bLo, FLOOR(_xlpm.b,0.05), _xlpm.bHi, CEILING(_xlpm.b,0.05), _xlpm.pLL, SUMIFS($BW:$BW,$BR:$BR,_xlpm.aLo,$BS:$BS,_xlpm.bLo), _xlpm.pUL, SUMIFS($BW:$BW,$BR:$BR,_xlpm.aHi,$BS:$BS,_xlpm.bLo), _xlpm.pLU, SUMIFS($BW:$BW,$BR:$BR,_xlpm.aLo,$BS:$BS,_xlpm.bHi), _xlpm.pUU, SUMIFS($BW:$BW,$BR:$BR,_xlpm.aHi,$BS:$BS,_xlpm.bHi), _xlpm.num, (1-_xlpm.wA)*(1-_xlpm.wB)*_xlpm.pLL + _xlpm.wA*(1-_xlpm.wB)*_xlpm.pUL + (1-_xlpm.wA)*_xlpm.wB*_xlpm.pLU + _xlpm.wA*_xlpm.wB*_xlpm.pUU, _xlpm.den, (1-_xlpm.wA)*(1-_xlpm.wB)*--(_xlpm.pLL<>0) + _xlpm.wA*(1-_xlpm.wB)*--(_xlpm.pUL<>0) + (1-_xlpm.wA)*_xlpm.wB*--(_xlpm.pLU<>0) + _xlpm.wA*_xlpm.wB*--(_xlpm.pUU<>0), _xlpm.interp, IF(_xlpm.den=0, NA(), _xlpm.num/_xlpm.den), _xlpm.interp ) -> #N/A
AV49: =Projections!T51 -> 0 | BJ49: =IF(BN49=0.5,100,IF(BN49>0.5,-ROUND(100*BN49/(1-BN49),0),ROUND(100*(1-BN49)/BN49,0))) -> #N/A | BK49: =IF(BO49=0.5,100,IF(BO49>0.5,-ROUND(100*BO49/(1-BO49),0),ROUND(100*(1-BO49)/BO49,0))) -> #N/A | BL49: =IF(BP49=0.5,100,IF(BP49>0.5,-ROUND(100*BP49/(1-BP49),0),ROUND(100*(1-BP49)/BP49,0))) -> #N/A | BM49: =IF(BQ49=0.5,100,IF(BQ49>0.5,-ROUND(100*BQ49/(1-BQ49),0),ROUND(100*(1-BQ49)/BQ49,0))) -> #N/A | BN49: =_xlfn.LET( _xlpm.a, MIN(AV49,AV50), _xlpm.b, MAX(AV49,AV50), _xlpm.wA, (_xlpm.a - FLOOR(_xlpm.a,0.05)) / 0.05, _xlpm.wB, (_xlpm.b - FLOOR(_xlpm.b,0.05)) / 0.05, _xlpm.aLo, FLOOR(_xlpm.a,0.05), _xlpm.aHi, CEILING(_xlpm.a,0.05), _xlpm.bLo, FLOOR(_xlpm.b,0.05), _xlpm.bHi, CEILING(_xlpm.b,0.05), _xlpm.pLL, SUMIFS($BT:$BT,$BR:$BR,_xlpm.aLo,$BS:$BS,_xlpm.bLo), _xlpm.pUL, SUMIFS($BT:$BT,$BR:$BR,_xlpm.aHi,$BS:$BS,_xlpm.bLo), _xlpm.pLU, SUMIFS($BT:$BT,$BR:$BR,_xlpm.aLo,$BS:$BS,_xlpm.bHi), _xlpm.pUU, SUMIFS($BT:$BT,$BR:$BR,_xlpm.aHi,$BS:$BS,_xlpm.bHi), _xlpm.num, (1-_xlpm.wA)*(1-_xlpm.wB)*_xlpm.pLL + _xlpm.wA*(1-_xlpm.wB)*_xlpm.pUL + (1-_xlpm.wA)*_xlpm.wB*_xlpm.pLU + _xlpm.wA*_xlpm.wB*_xlpm.pUU, _xlpm.den, (1-_xlpm.wA)*(1-_xlpm.wB)*--(_xlpm.pLL<>0) + _xlpm.wA*(1-_xlpm.wB)*--(_xlpm.pUL<>0) + (1-_xlpm.wA)*_xlpm.wB*--(_xlpm.pLU<>0) + _xlpm.wA*_xlpm.wB*--(_xlpm.pUU<>0), _xlpm.interp, IF(_xlpm.den=0, NA(), _xlpm.num/_xlpm.den), IF(AV49>AV50, 1-_xlpm.interp, _xlpm.interp) ) -> #N/A | BO49: =1-BO50 -> #N/A | BP49: =1-BP50 -> #N/A | BQ49: =1-BQ50 -> #N/A
AV50: =Projections!T52 -> 0 | BJ50: =IF(BN50=0.5,100,IF(BN50>0.5,-ROUND(100*BN50/(1-BN50),0),ROUND(100*(1-BN50)/BN50,0))) -> #N/A | BK50: =IF(BO50=0.5,100,IF(BO50>0.5,-ROUND(100*BO50/(1-BO50),0),ROUND(100*(1-BO50)/BO50,0))) -> #N/A | BL50: =IF(BP50=0.5,100,IF(BP50>0.5,-ROUND(100*BP50/(1-BP50),0),ROUND(100*(1-BP50)/BP50,0))) -> #N/A | BM50: =IF(BQ50=0.5,100,IF(BQ50>0.5,-ROUND(100*BQ50/(1-BQ50),0),ROUND(100*(1-BQ50)/BQ50,0))) -> #N/A | BN50: =1-BN49 -> #N/A | BO50: =_xlfn.LET( _xlpm.a, MIN(AV49,AV50), _xlpm.b, MAX(AV49,AV50), _xlpm.wA, (_xlpm.a - FLOOR(_xlpm.a,0.05)) / 0.05, _xlpm.wB, (_xlpm.b - FLOOR(_xlpm.b,0.05)) / 0.05, _xlpm.aLo, FLOOR(_xlpm.a,0.05), _xlpm.aHi, CEILING(_xlpm.a,0.05), _xlpm.bLo, FLOOR(_xlpm.b,0.05), _xlpm.bHi, CEILING(_xlpm.b,0.05), _xlpm.pLL, SUMIFS($BU:$BU,$BR:$BR,_xlpm.aLo,$BS:$BS,_xlpm.bLo), _xlpm.pUL, SUMIFS($BU:$BU,$BR:$BR,_xlpm.aHi,$BS:$BS,_xlpm.bLo), _xlpm.pLU, SUMIFS($BU:$BU,$BR:$BR,_xlpm.aLo,$BS:$BS,_xlpm.bHi), _xlpm.pUU, SUMIFS($BU:$BU,$BR:$BR,_xlpm.aHi,$BS:$BS,_xlpm.bHi), _xlpm.num, (1-_xlpm.wA)*(1-_xlpm.wB)*_xlpm.pLL + _xlpm.wA*(1-_xlpm.wB)*_xlpm.pUL + (1-_xlpm.wA)*_xlpm.wB*_xlpm.pLU + _xlpm.wA*_xlpm.wB*_xlpm.pUU, _xlpm.den, (1-_xlpm.wA)*(1-_xlpm.wB)*--(_xlpm.pLL<>0) + _xlpm.wA*(1-_xlpm.wB)*--(_xlpm.pUL<>0) + (1-_xlpm.wA)*_xlpm.wB*--(_xlpm.pLU<>0) + _xlpm.wA*_xlpm.wB*--(_xlpm.pUU<>0), _xlpm.interp, IF(_xlpm.den=0, NA(), _xlpm.num/_xlpm.den), _xlpm.interp ) -> #N/A | BP50: =_xlfn.LET( _xlpm.a, MIN(AV49,AV50), _xlpm.b, MAX(AV49,AV50), _xlpm.wA, (_xlpm.a - FLOOR(_xlpm.a,0.05)) / 0.05, _xlpm.wB, (_xlpm.b - FLOOR(_xlpm.b,0.05)) / 0.05, _xlpm.aLo, FLOOR(_xlpm.a,0.05), _xlpm.aHi, CEILING(_xlpm.a,0.05), _xlpm.bLo, FLOOR(_xlpm.b,0.05), _xlpm.bHi, CEILING(_xlpm.b,0.05), _xlpm.pLL, SUMIFS($BV:$BV,$BR:$BR,_xlpm.aLo,$BS:$BS,_xlpm.bLo), _xlpm.pUL, SUMIFS($BV:$BV,$BR:$BR,_xlpm.aHi,$BS:$BS,_xlpm.bLo), _xlpm.pLU, SUMIFS($BV:$BV,$BR:$BR,_xlpm.aLo,$BS:$BS,_xlpm.bHi), _xlpm.pUU, SUMIFS($BV:$BV,$BR:$BR,_xlpm.aHi,$BS:$BS,_xlpm.bHi), _xlpm.num, (1-_xlpm.wA)*(1-_xlpm.wB)*_xlpm.pLL + _xlpm.wA*(1-_xlpm.wB)*_xlpm.pUL + (1-_xlpm.wA)*_xlpm.wB*_xlpm.pLU + _xlpm.wA*_xlpm.wB*_xlpm.pUU, _xlpm.den, (1-_xlpm.wA)*(1-_xlpm.wB)*--(_xlpm.pLL<>0) + _xlpm.wA*(1-_xlpm.wB)*--(_xlpm.pUL<>0) + (1-_xlpm.wA)*_xlpm.wB*--(_xlpm.pLU<>0) + _xlpm.wA*_xlpm.wB*--(_xlpm.pUU<>0), _xlpm.interp, IF(_xlpm.den=0, NA(), _xlpm.num/_xlpm.den), _xlpm.interp ) -> #N/A | BQ50: =_xlfn.LET( _xlpm.a, MIN(AV49,AV50), _xlpm.b, MAX(AV49,AV50), _xlpm.wA, (_xlpm.a - FLOOR(_xlpm.a,0.05)) / 0.05, _xlpm.wB, (_xlpm.b - FLOOR(_xlpm.b,0.05)) / 0.05, _xlpm.aLo, FLOOR(_xlpm.a,0.05), _xlpm.aHi, CEILING(_xlpm.a,0.05), _xlpm.bLo, FLOOR(_xlpm.b,0.05), _xlpm.bHi, CEILING(_xlpm.b,0.05), _xlpm.pLL, SUMIFS($BW:$BW,$BR:$BR,_xlpm.aLo,$BS:$BS,_xlpm.bLo), _xlpm.pUL, SUMIFS($BW:$BW,$BR:$BR,_xlpm.aHi,$BS:$BS,_xlpm.bLo), _xlpm.pLU, SUMIFS($BW:$BW,$BR:$BR,_xlpm.aLo,$BS:$BS,_xlpm.bHi), _xlpm.pUU, SUMIFS($BW:$BW,$BR:$BR,_xlpm.aHi,$BS:$BS,_xlpm.bHi), _xlpm.num, (1-_xlpm.wA)*(1-_xlpm.wB)*_xlpm.pLL + _xlpm.wA*(1-_xlpm.wB)*_xlpm.pUL + (1-_xlpm.wA)*_xlpm.wB*_xlpm.pLU + _xlpm.wA*_xlpm.wB*_xlpm.pUU, _xlpm.den, (1-_xlpm.wA)*(1-_xlpm.wB)*--(_xlpm.pLL<>0) + _xlpm.wA*(1-_xlpm.wB)*--(_xlpm.pUL<>0) + (1-_xlpm.wA)*_xlpm.wB*--(_xlpm.pLU<>0) + _xlpm.wA*_xlpm.wB*--(_xlpm.pUU<>0), _xlpm.interp, IF(_xlpm.den=0, NA(), _xlpm.num/_xlpm.den), _xlpm.interp ) -> #N/A
AV51: =Projections!T53 -> 0 | BJ51: =IF(BN51=0.5,100,IF(BN51>0.5,-ROUND(100*BN51/(1-BN51),0),ROUND(100*(1-BN51)/BN51,0))) -> #N/A | BK51: =IF(BO51=0.5,100,IF(BO51>0.5,-ROUND(100*BO51/(1-BO51),0),ROUND(100*(1-BO51)/BO51,0))) -> #N/A | BL51: =IF(BP51=0.5,100,IF(BP51>0.5,-ROUND(100*BP51/(1-BP51),0),ROUND(100*(1-BP51)/BP51,0))) -> #N/A | BM51: =IF(BQ51=0.5,100,IF(BQ51>0.5,-ROUND(100*BQ51/(1-BQ51),0),ROUND(100*(1-BQ51)/BQ51,0))) -> #N/A | BN51: =_xlfn.LET( _xlpm.a, MIN(AV51,AV52), _xlpm.b, MAX(AV51,AV52), _xlpm.wA, (_xlpm.a - FLOOR(_xlpm.a,0.05)) / 0.05, _xlpm.wB, (_xlpm.b - FLOOR(_xlpm.b,0.05)) / 0.05, _xlpm.aLo, FLOOR(_xlpm.a,0.05), _xlpm.aHi, CEILING(_xlpm.a,0.05), _xlpm.bLo, FLOOR(_xlpm.b,0.05), _xlpm.bHi, CEILING(_xlpm.b,0.05), _xlpm.pLL, SUMIFS($BT:$BT,$BR:$BR,_xlpm.aLo,$BS:$BS,_xlpm.bLo), _xlpm.pUL, SUMIFS($BT:$BT,$BR:$BR,_xlpm.aHi,$BS:$BS,_xlpm.bLo), _xlpm.pLU, SUMIFS($BT:$BT,$BR:$BR,_xlpm.aLo,$BS:$BS,_xlpm.bHi), _xlpm.pUU, SUMIFS($BT:$BT,$BR:$BR,_xlpm.aHi,$BS:$BS,_xlpm.bHi), _xlpm.num, (1-_xlpm.wA)*(1-_xlpm.wB)*_xlpm.pLL + _xlpm.wA*(1-_xlpm.wB)*_xlpm.pUL + (1-_xlpm.wA)*_xlpm.wB*_xlpm.pLU + _xlpm.wA*_xlpm.wB*_xlpm.pUU, _xlpm.den, (1-_xlpm.wA)*(1-_xlpm.wB)*--(_xlpm.pLL<>0) + _xlpm.wA*(1-_xlpm.wB)*--(_xlpm.pUL<>0) + (1-_xlpm.wA)*_xlpm.wB*--(_xlpm.pLU<>0) + _xlpm.wA*_xlpm.wB*--(_xlpm.pUU<>0), _xlpm.interp, IF(_xlpm.den=0, NA(), _xlpm.num/_xlpm.den), IF(AV51>AV52, 1-_xlpm.interp, _xlpm.interp) ) -> #N/A | BO51: =1-BO52 -> #N/A | BP51: =1-BP52 -> #N/A | BQ51: =1-BQ52 -> #N/A
